"scenario_id","rep_id","parameter","truth","post_mean","post_sd","q025","q50","q975","bias","covered","fit_status","nonfailed","stable_fit"
"S4E_STRONG_SPATIAL_COVARIATE_CONFOUNDING_FIXED_GAMMA_CONTINUOUS_X2_T100",1,"beta0",-1.99632149193617,-1.99780409313584,0.0111799665675908,-2.02065796122348,-1.99828469136418,-1.97557343389906,-0.00148260119967469,1,"stable",TRUE,TRUE
"S4E_STRONG_SPATIAL_COVARIATE_CONFOUNDING_FIXED_GAMMA_CONTINUOUS_X2_T100",2,"beta0",-1.33184447569743,-1.33227818266057,0.00878919526855233,-1.34867159462698,-1.33228977314129,-1.31495114669926,-0.000433706963138158,1,"stable",TRUE,TRUE
"S4E_STRONG_SPATIAL_COVARIATE_CONFOUNDING_FIXED_GAMMA_CONTINUOUS_X2_T100",3,"beta0",-1.43851204127288,-1.44024268814869,0.0090054029244013,-1.45798726118104,-1.44017259231554,-1.42267109954184,-0.00173064687580515,1,"stable",TRUE,TRUE
"S4E_STRONG_SPATIAL_COVARIATE_CONFOUNDING_FIXED_GAMMA_CONTINUOUS_X2_T100",4,"beta0",-1.88130591428129,-1.88976474767785,0.0102654517033523,-1.90967682800561,-1.88979162772731,-1.86964001659927,-0.00845883339656006,1,"stable",TRUE,TRUE
"S4E_STRONG_SPATIAL_COVARIATE_CONFOUNDING_FIXED_GAMMA_CONTINUOUS_X2_T100",5,"beta0",-1.38547448133322,-1.38099829821734,0.0090668106201106,-1.39872361399607,-1.381022699441,-1.36330411906424,0.00447618311588416,1,"stable",TRUE,TRUE
"S4E_STRONG_SPATIAL_COVARIATE_CONFOUNDING_FIXED_GAMMA_CONTINUOUS_X2_T100",6,"beta0",-1.52084679461396,-1.52751868522126,0.00938577547250385,-1.54575725136873,-1.52750283841521,-1.50890320558823,-0.00667189060730489,1,"stable",TRUE,TRUE
"S4E_STRONG_SPATIAL_COVARIATE_CONFOUNDING_FIXED_GAMMA_CONTINUOUS_X2_T100",7,"beta0",-1.4686767948915,-1.45220449604395,0.00938786138346387,-1.46984218708583,-1.45230331192458,-1.43369331315223,0.0164722988475474,1,"stable",TRUE,TRUE
"S4E_STRONG_SPATIAL_COVARIATE_CONFOUNDING_FIXED_GAMMA_CONTINUOUS_X2_T100",8,"beta0",-1.63654057040218,-1.63647567156982,0.00975870565960499,-1.65552838320926,-1.63645920660396,-1.61717382061251,6.48988323581623e-05,1,"stable",TRUE,TRUE
"S4E_STRONG_SPATIAL_COVARIATE_CONFOUNDING_FIXED_GAMMA_CONTINUOUS_X2_T100",9,"beta0",-1.49566118427602,-1.50168677287748,0.00937035818450983,-1.52043128005703,-1.5017569235266,-1.48321240798196,-0.00602558860145219,1,"stable",TRUE,TRUE
"S4E_STRONG_SPATIAL_COVARIATE_CONFOUNDING_FIXED_GAMMA_CONTINUOUS_X2_T100",10,"beta0",-1.49351908244808,-1.50032388897337,0.00923020163170398,-1.51839065672037,-1.50017773111707,-1.48223946417247,-0.00680480652528281,1,"stable",TRUE,TRUE
"S4E_STRONG_SPATIAL_COVARIATE_CONFOUNDING_FIXED_GAMMA_CONTINUOUS_X2_T100",1,"beta1",0.5,0.495477657819795,0.0115869178567667,0.473267212540392,0.495021343459626,0.518317097815767,-0.00452234218020459,1,"stable",TRUE,TRUE
"S4E_STRONG_SPATIAL_COVARIATE_CONFOUNDING_FIXED_GAMMA_CONTINUOUS_X2_T100",2,"beta1",0.5,0.496411702545565,0.00968433081540984,0.477630463421418,0.496305244024944,0.51586093468172,-0.0035882974544354,1,"stable",TRUE,TRUE
"S4E_STRONG_SPATIAL_COVARIATE_CONFOUNDING_FIXED_GAMMA_CONTINUOUS_X2_T100",3,"beta1",0.5,0.497522096457344,0.010031706514113,0.477948296203277,0.497651247019568,0.517538368852652,-0.00247790354265559,1,"stable",TRUE,TRUE
"S4E_STRONG_SPATIAL_COVARIATE_CONFOUNDING_FIXED_GAMMA_CONTINUOUS_X2_T100",4,"beta1",0.5,0.49689589674815,0.0107775346892639,0.475646890560811,0.496589160091389,0.518375041355475,-0.00310410325185034,1,"stable",TRUE,TRUE
"S4E_STRONG_SPATIAL_COVARIATE_CONFOUNDING_FIXED_GAMMA_CONTINUOUS_X2_T100",5,"beta1",0.5,0.506518097894061,0.00991492156068004,0.487291298837259,0.506442897137227,0.526248196003995,0.00651809789406144,1,"stable",TRUE,TRUE
"S4E_STRONG_SPATIAL_COVARIATE_CONFOUNDING_FIXED_GAMMA_CONTINUOUS_X2_T100",6,"beta1",0.5,0.471238363376657,0.0103789971702264,0.450585677144,0.471305760927545,0.491357466719471,-0.0287616366233429,0,"stable",TRUE,TRUE
"S4E_STRONG_SPATIAL_COVARIATE_CONFOUNDING_FIXED_GAMMA_CONTINUOUS_X2_T100",7,"beta1",0.5,0.491306498991524,0.0105162178149519,0.470561569427717,0.491147664290608,0.512075477479169,-0.00869350100847577,1,"stable",TRUE,TRUE
"S4E_STRONG_SPATIAL_COVARIATE_CONFOUNDING_FIXED_GAMMA_CONTINUOUS_X2_T100",8,"beta1",0.5,0.516632791219903,0.0104001197530873,0.496114229549526,0.516689513704383,0.53699513887875,0.0166327912199034,1,"stable",TRUE,TRUE
"S4E_STRONG_SPATIAL_COVARIATE_CONFOUNDING_FIXED_GAMMA_CONTINUOUS_X2_T100",9,"beta1",0.5,0.503389467739722,0.0097604234350425,0.484971662710288,0.503109666189009,0.522523936323653,0.00338946773972182,1,"stable",TRUE,TRUE
"S4E_STRONG_SPATIAL_COVARIATE_CONFOUNDING_FIXED_GAMMA_CONTINUOUS_X2_T100",10,"beta1",0.5,0.506478664321354,0.0103654067128045,0.485945746438727,0.506223421285534,0.52667908588701,0.00647866432135391,1,"stable",TRUE,TRUE
"S4E_STRONG_SPATIAL_COVARIATE_CONFOUNDING_FIXED_GAMMA_CONTINUOUS_X2_T100",1,"beta2",-0.4,-0.403029266488381,0.0123373148354912,-0.427000283012077,-0.4029042720294,-0.378265705571576,-0.00302926648838092,1,"stable",TRUE,TRUE
"S4E_STRONG_SPATIAL_COVARIATE_CONFOUNDING_FIXED_GAMMA_CONTINUOUS_X2_T100",2,"beta2",-0.4,-0.381788639214316,0.01149125752381,-0.403889220026865,-0.381737091279398,-0.359230736216092,0.0182113607856844,1,"stable",TRUE,TRUE
"S4E_STRONG_SPATIAL_COVARIATE_CONFOUNDING_FIXED_GAMMA_CONTINUOUS_X2_T100",3,"beta2",-0.4,-0.396957096153937,0.0122386209751134,-0.421567518387082,-0.397102580268487,-0.372702264037712,0.00304290384606282,1,"stable",TRUE,TRUE
"S4E_STRONG_SPATIAL_COVARIATE_CONFOUNDING_FIXED_GAMMA_CONTINUOUS_X2_T100",4,"beta2",-0.4,-0.387317480125116,0.0120253202358465,-0.41038178531063,-0.387326329916515,-0.363900666236243,0.0126825198748845,1,"stable",TRUE,TRUE
"S4E_STRONG_SPATIAL_COVARIATE_CONFOUNDING_FIXED_GAMMA_CONTINUOUS_X2_T100",5,"beta2",-0.4,-0.397618205507102,0.0114223807110095,-0.421074407530236,-0.397421810900161,-0.375603504856029,0.00238179449289805,1,"stable",TRUE,TRUE
"S4E_STRONG_SPATIAL_COVARIATE_CONFOUNDING_FIXED_GAMMA_CONTINUOUS_X2_T100",6,"beta2",-0.4,-0.393272280487929,0.0122376179768899,-0.41712869533104,-0.393395452681413,-0.369371652238716,0.00672771951207107,1,"stable",TRUE,TRUE
"S4E_STRONG_SPATIAL_COVARIATE_CONFOUNDING_FIXED_GAMMA_CONTINUOUS_X2_T100",7,"beta2",-0.4,-0.410231512326992,0.0122680880467711,-0.434766193684937,-0.410007661546346,-0.385683357527665,-0.0102315123269922,1,"stable",TRUE,TRUE
"S4E_STRONG_SPATIAL_COVARIATE_CONFOUNDING_FIXED_GAMMA_CONTINUOUS_X2_T100",8,"beta2",-0.4,-0.39451669468315,0.012522711277499,-0.419260304238678,-0.394398221392709,-0.369666399612146,0.00548330531684976,1,"stable",TRUE,TRUE
"S4E_STRONG_SPATIAL_COVARIATE_CONFOUNDING_FIXED_GAMMA_CONTINUOUS_X2_T100",9,"beta2",-0.4,-0.399138943990582,0.0122242542950736,-0.423813724564866,-0.398738784313647,-0.376052155147202,0.000861056009417938,1,"stable",TRUE,TRUE
"S4E_STRONG_SPATIAL_COVARIATE_CONFOUNDING_FIXED_GAMMA_CONTINUOUS_X2_T100",10,"beta2",-0.4,-0.412655432916062,0.0121132481203847,-0.436839800866352,-0.412486498952018,-0.390013730312101,-0.0126554329160621,1,"stable",TRUE,TRUE
