"rep","scenario_id","stress_type","TT","n1","mean_count","median_count","zero_prop","total_count","max_count","x2_mode","x2_ar","x2_innov_sd","x2_mean","x2_sd","x2_empirical_ar1_mean","x2_empirical_ar1_median","x2_binary_like_prop","sparse_beta0_shift","expected_count_multiplier","beta0_reference_truth","beta0_sparse_truth","beta0_star_ident_truth","beta1_truth","beta2_truth","r_truth_mean","lambda_truth_min","lambda_truth_median","lambda_truth_max","fit_file","data_file","n_iter","n_stored","fit_status_label","gamma_fixed_in_fit","gamma_mean","gamma_sd","beta0_mean","beta0_sd","beta0_q025","beta0_q50","beta0_q975","beta0_bias","beta0_covered_95","beta1_mean","beta1_sd","beta1_q025","beta1_q50","beta1_q975","beta1_bias","beta1_covered_95","beta2_mean","beta2_sd","beta2_q025","beta2_q50","beta2_q975","beta2_bias","beta2_covered_95","r_mean","r_sd","r_q025","r_q50","r_q975","r_bias","r_covered_95","beta_guard","kappa_guard","lambda_input_guard","lambda_output_guard","beta_guard_rate_all_iter","kappa_guard_rate_all_iter","lambda_input_guard_rate_all_iter","lambda_output_guard_rate_all_iter","lambda_rmse","log_lambda_rmse","cor_log_lambda","cor_delta_log_lambda","lambda_coverage_95","log_lambda_coverage_95","lambda_mean_min","lambda_mean_median","lambda_mean_max","log_lambda_mean_min","log_lambda_mean_median","log_lambda_mean_max","lambda_stored_min","lambda_stored_max","log_lambda_min_stored","log_lambda_max_stored","stored_prop_at_lower_mean","stored_prop_at_lower_max","stored_prop_at_upper_mean","stored_prop_at_upper_max","stored_log_lambda_max_mean","stored_log_lambda_max_q975","stored_log_lambda_min_mean","stored_log_lambda_min_q025","scenario","label","rep_id","dynamic_lambda_in_truth","lambda_sampled_in_fit","gamma_learned_in_fit","gamma_truth_mean","gamma_q025","gamma_q50","gamma_q975","gamma_bias","gamma_covered","gamma_accept_rate","gamma_proposal_sd_final","beta0_true","beta0_covered","beta1_true","beta1_covered","beta2_true","beta2_covered","phi_rmse","phi_cor","phi_mean_bias","r_true_mean","r_q025_mean","r_q50_mean","r_q975_mean","tau_phi_mean","loglik_mean","loglik_nb_mean","phi_accept_rate","r_accept_rate_mean","beta_mean_n_reject","elapsed_sec","lambda_mae","log_lambda_mae","cor_lambda","rmse_delta_log_lambda","mae_delta_log_lambda","lambda_truth_min.1","lambda_truth_max.1","lambda_post_mean_min","lambda_post_mean_max","exposure_stress_type","target_mean_exposure_multiplier","realized_mean_exposure_multiplier","realized_min_exposure_multiplier","realized_max_exposure_multiplier","reference_mean_count","reference_zero_prop","observed_mean_count","observed_zero_prop","observed_total_count","observed_max_count","reference_mean_exposure","mean_exposure","exposure_mean_ratio","exposure_cv","multiplier_cv","area_multiplier_cv","lowest_exposure_group_mean_count","lowest_exposure_group_zero_prop","highest_exposure_group_mean_count","highest_exposure_group_zero_prop","count_exposure_cor_area","count_low_exposure_n_areas","count_low_exposure_mean_exposure","count_low_exposure_mean_multiplier","count_low_exposure_mean_count","count_low_exposure_zero_prop","count_low_exposure_total_count","count_middle_exposure_n_areas","count_middle_exposure_mean_exposure","count_middle_exposure_mean_multiplier","count_middle_exposure_mean_count","count_middle_exposure_zero_prop","count_middle_exposure_total_count","count_high_exposure_n_areas","count_high_exposure_mean_exposure","count_high_exposure_mean_multiplier","count_high_exposure_mean_count","count_high_exposure_zero_prop","count_high_exposure_total_count","lambda_low_exposure_lambda_rmse","lambda_low_exposure_log_lambda_rmse","lambda_low_exposure_cor_log_lambda","lambda_middle_exposure_lambda_rmse","lambda_middle_exposure_log_lambda_rmse","lambda_middle_exposure_cor_log_lambda","lambda_high_exposure_lambda_rmse","lambda_high_exposure_log_lambda_rmse","lambda_high_exposure_cor_log_lambda","phi_low_exposure_phi_rmse","phi_low_exposure_phi_mae","phi_low_exposure_phi_cor","phi_middle_exposure_phi_rmse","phi_middle_exposure_phi_mae","phi_middle_exposure_phi_cor","phi_high_exposure_phi_rmse","phi_high_exposure_phi_mae","phi_high_exposure_phi_cor","s4b_beta_guard_count","s4b_kappa_guard_count","s4b_lambda_input_guard_count","s4b_lambda_output_guard_count","target_mean_multiplier","realized_mean_multiplier","fit_status","nonfailed","stable_fit","count_cv","reference_count_cv","count_cv_increase","variance_to_mean","reference_variance_to_mean","variance_to_mean_increase","kappa_truth_cv","reference_kappa_cv","kappa_cv_increase","r_stress_truth","kappa_post_mean_cv","kappa_rmse","log_kappa_rmse","cor_log_kappa","s4c_beta_guard_count","s4c_kappa_guard_count","s4c_lambda_input_guard_count","s4c_lambda_output_guard_count","n_reps","n_stable","n_soft_warning","n_numerical_instability","stable_rate","numerical_instability_rate","TT_short","TT_reference","TT_ratio_to_reference","n_cells_avg","x2_mode_unique","mean_x2_within_sd_avg","min_x2_within_sd_min","mean_lag1_x2_avg","mean_count_avg","zero_prop_avg","beta1_mean_avg","beta2_mean_avg","r_mean_avg","log_lambda_rmse_avg","cor_log_lambda_avg","cor_delta_log_lambda_avg","log_kappa_rmse_avg","cor_log_kappa_avg","total_beta_guards","total_kappa_guards","total_lambda_input_guards","total_lambda_output_guards","main_interpretation","x2_confounding_strength","x2_residual_weight","preserve_reference_mean","x2_phi_cell_cor","x2_phi_abs_cell_cor","x2_phi_area_mean_cor","x2_phi_abs_area_mean_cor","reference_x2_phi_abs_cell_cor","reference_x2_phi_abs_area_mean_cor","beta0_confounding_truth","beta0_shift_to_preserve_reference_mean","r_truth_for_eval","s4e_beta_guard_count","s4e_kappa_guard_count","s4e_lambda_input_guard_count","s4e_lambda_output_guard_count"
1,"S4A_SPARSE_COUNTS_CONTINUOUS_X2_T100","observation_sparse_counts",100,9,2.22555555555556,1,0.358888888888889,2003,19,"continuous_time",0.5,0.8,4.44089209850063e-17,1,0.500702401548939,0.521452615502433,0,-4.25,0.0142642339089993,-1.5,-5.75,-6.38511540131423,0.5,-0.4,15,0.258601708347133,0.998241490670351,2.09912711965495,"/Users/chenghanyu/Dropbox/academia/research/msstnb-code/output_s4a_sparse_counts_continuous_x2/S4A_SPARSE_COUNTS_CONTINUOUS_X2_T100/fits/fit_rep01.rds","/Users/chenghanyu/Dropbox/academia/research/msstnb-code/data_s4a_sparse_counts_continuous_x2/S4A_SPARSE_COUNTS_CONTINUOUS_X2_T100/data_rep01.rds",40000,4000,"numerical_instability",TRUE,0.8,0,-7.77578176927209,0.237515463747305,-8.23344836596614,-7.77609243984268,-7.29547048291605,-1.39066636795787,0,0.519287437085508,0.0349020546592753,0.451283854430984,0.519353187510702,0.587210260840624,0.0192874370855084,1,-0.400562536168505,0.0319376731655741,-0.464002228219344,-0.400841193817953,-0.336861108203252,-0.000562536168505268,1,14.4117056295512,3.21110827703536,9.02708924138596,14.0457917937707,21.6666218680011,-0.588294370448779,1,0,3,0,800224,0,8.33333333333333e-08,0,0.0222284444444444,22901.4303450573,3.85758698121959,0.0751863289783521,0.0192289684667426,0.923333333333333,0.923333333333333,0.156264574550485,1.07043226847229,292605.347021194,-22.9278611872964,0.0173788924373747,11.2199571882193,4.66485282776594e-14,9440361.36285936,-30.6961350162895,16.0605048173529,9.77777777777781e-05,0.0177777777777778,0,0,11.9029936074253,14.8300070744014,-22.9609655407644,-26.9033745306946,"S4A","Sparse counts",NA,NA,NA,NA,NA,NA,NA,NA,NA,NA,NA,NA,NA,NA,NA,NA,NA,NA,NA,NA,NA,NA,NA,NA,NA,NA,NA,NA,NA,NA,NA,NA,NA,NA,NA,NA,NA,NA,NA,NA,NA,NA,NA,NA,NA,NA,NA,NA,NA,NA,NA,NA,NA,NA,NA,NA,NA,NA,NA,NA,NA,NA,NA,NA,NA,NA,NA,NA,NA,NA,NA,NA,NA,NA,NA,NA,NA,NA,NA,NA,NA,NA,NA,NA,NA,NA,NA,NA,NA,NA,NA,NA,NA,NA,NA,NA,NA,NA,NA,NA,NA,NA,NA,NA,NA,NA,NA,NA,NA,NA,NA,NA,NA,NA,NA,NA,NA,NA,NA,NA,NA,NA,NA,NA,NA,NA,NA,NA,NA,NA,NA,NA,NA,NA,NA,NA,NA,NA,NA,NA,NA,NA,NA,NA,NA,NA,NA,NA,NA,NA,NA,NA,NA,NA,NA,NA,NA,NA,NA,NA,NA,NA,NA,NA,NA,NA,NA,NA,NA,NA,NA
2,"S4A_SPARSE_COUNTS_CONTINUOUS_X2_T100","observation_sparse_counts",100,9,3.13,2,0.173333333333333,2817,30,"continuous_time",0.5,0.8,9.76996261670138e-17,1,0.471020565051243,0.452272363151258,0,-4.25,0.0142642339089993,-1.5,-5.75,-5.63506352666298,0.5,-0.4,15,0.75293698671582,1.00050209411309,1.23171288561439,"/Users/chenghanyu/Dropbox/academia/research/msstnb-code/output_s4a_sparse_counts_continuous_x2/S4A_SPARSE_COUNTS_CONTINUOUS_X2_T100/fits/fit_rep02.rds","/Users/chenghanyu/Dropbox/academia/research/msstnb-code/data_s4a_sparse_counts_continuous_x2/S4A_SPARSE_COUNTS_CONTINUOUS_X2_T100/data_rep02.rds",40000,4000,"stable",TRUE,0.8,0,-5.71152027220363,0.0266823562080167,-5.7639766701245,-5.71180356200252,-5.65945259598764,-0.0764567455406553,0,0.455878209639341,0.0281801922041577,0.400416636103703,0.455900912678622,0.50952240616796,-0.0441217903606592,1,-0.369722218190925,0.0250820182356212,-0.418409468826333,-0.369360243619684,-0.321106329317031,0.0302777818090747,1,17.8513452478809,3.42804913110104,12.0131265648568,17.5604638022873,25.4274818287128,2.85134524788086,1,0,0,0,0,0,0,0,0,0.190874007676558,0.174741512082379,0.379744068136505,0.0471243193176291,0.987777777777778,0.987777777777778,0.692990329221463,1.04254988779527,1.98592935926791,-0.432621409897256,0.0212366155714573,0.656414189100824,0.12639291064489,5.33769007676999,-2.06835988551247,1.6747929894935,0,0,0,0,0.975926695467884,1.29978695866895,-1.10001700763445,-1.49790360123593,"S4A","Sparse counts",NA,NA,NA,NA,NA,NA,NA,NA,NA,NA,NA,NA,NA,NA,NA,NA,NA,NA,NA,NA,NA,NA,NA,NA,NA,NA,NA,NA,NA,NA,NA,NA,NA,NA,NA,NA,NA,NA,NA,NA,NA,NA,NA,NA,NA,NA,NA,NA,NA,NA,NA,NA,NA,NA,NA,NA,NA,NA,NA,NA,NA,NA,NA,NA,NA,NA,NA,NA,NA,NA,NA,NA,NA,NA,NA,NA,NA,NA,NA,NA,NA,NA,NA,NA,NA,NA,NA,NA,NA,NA,NA,NA,NA,NA,NA,NA,NA,NA,NA,NA,NA,NA,NA,NA,NA,NA,NA,NA,NA,NA,NA,NA,NA,NA,NA,NA,NA,NA,NA,NA,NA,NA,NA,NA,NA,NA,NA,NA,NA,NA,NA,NA,NA,NA,NA,NA,NA,NA,NA,NA,NA,NA,NA,NA,NA,NA,NA,NA,NA,NA,NA,NA,NA,NA,NA,NA,NA,NA,NA,NA,NA,NA,NA,NA,NA,NA,NA,NA,NA,NA,NA
3,"S4A_SPARSE_COUNTS_CONTINUOUS_X2_T100","observation_sparse_counts",100,9,2.91111111111111,2,0.175555555555556,2620,22,"continuous_time",0.5,0.8,-4.61359345788676e-17,1,0.451410892465294,0.452369002080297,0,-4.25,0.0142642339089993,-1.5,-5.75,-5.711673476828,0.5,-0.4,15,0.782412894359852,1.00002499061911,1.27651777505022,"/Users/chenghanyu/Dropbox/academia/research/msstnb-code/output_s4a_sparse_counts_continuous_x2/S4A_SPARSE_COUNTS_CONTINUOUS_X2_T100/fits/fit_rep03.rds","/Users/chenghanyu/Dropbox/academia/research/msstnb-code/data_s4a_sparse_counts_continuous_x2/S4A_SPARSE_COUNTS_CONTINUOUS_X2_T100/data_rep03.rds",40000,4000,"stable",TRUE,0.8,0,-5.76828940152923,0.0271677306028507,-5.82363177662861,-5.76803503159153,-5.71677593082786,-0.0566159247012274,0,0.443775504269557,0.0281308862421735,0.388880258397477,0.443824643054577,0.499503737270636,-0.056224495730443,0,-0.362670533049631,0.0277097781329446,-0.417839429012932,-0.362424799089298,-0.309432946490838,0.0373294669503687,1,16.4182355260203,3.25895299438837,11.0030800385471,16.1338803422488,23.734232833637,1.41823552602034,1,0,0,0,0,0,0,0,0,0.180896189693579,0.180475277645181,0.125917369061974,0.0403336837192717,0.995555555555556,0.995555555555556,0.44705110431415,1.03379853654305,1.79150235427146,-0.933301520877473,0.00851296177516347,0.555222855884019,0.0562575963858014,6.59110464370854,-2.87781420015692,1.88572095870203,0,0,0,0,0.936534977284214,1.26658709112001,-1.35357596932615,-1.95508262787835,"S4A","Sparse counts",NA,NA,NA,NA,NA,NA,NA,NA,NA,NA,NA,NA,NA,NA,NA,NA,NA,NA,NA,NA,NA,NA,NA,NA,NA,NA,NA,NA,NA,NA,NA,NA,NA,NA,NA,NA,NA,NA,NA,NA,NA,NA,NA,NA,NA,NA,NA,NA,NA,NA,NA,NA,NA,NA,NA,NA,NA,NA,NA,NA,NA,NA,NA,NA,NA,NA,NA,NA,NA,NA,NA,NA,NA,NA,NA,NA,NA,NA,NA,NA,NA,NA,NA,NA,NA,NA,NA,NA,NA,NA,NA,NA,NA,NA,NA,NA,NA,NA,NA,NA,NA,NA,NA,NA,NA,NA,NA,NA,NA,NA,NA,NA,NA,NA,NA,NA,NA,NA,NA,NA,NA,NA,NA,NA,NA,NA,NA,NA,NA,NA,NA,NA,NA,NA,NA,NA,NA,NA,NA,NA,NA,NA,NA,NA,NA,NA,NA,NA,NA,NA,NA,NA,NA,NA,NA,NA,NA,NA,NA,NA,NA,NA,NA,NA,NA,NA,NA,NA,NA,NA,NA
4,"S4A_SPARSE_COUNTS_CONTINUOUS_X2_T100","observation_sparse_counts",100,9,1.95777777777778,1,0.312222222222222,1762,16,"continuous_time",0.5,0.8,4.51490696680897e-17,1,0.478792173148008,0.460121702400557,0,-4.25,0.0142642339089993,-1.5,-5.75,-6.24893288975913,0.5,-0.4,15,0.368683096446175,1.00758969391781,2.48743034067827,"/Users/chenghanyu/Dropbox/academia/research/msstnb-code/output_s4a_sparse_counts_continuous_x2/S4A_SPARSE_COUNTS_CONTINUOUS_X2_T100/fits/fit_rep04.rds","/Users/chenghanyu/Dropbox/academia/research/msstnb-code/data_s4a_sparse_counts_continuous_x2/S4A_SPARSE_COUNTS_CONTINUOUS_X2_T100/data_rep04.rds",40000,4000,"numerical_instability",TRUE,0.8,0,-6.38291093944675,0.068631335435491,-6.52351000761784,-6.37861203790006,-6.253670964731,-0.133978049687625,0,0.473723035833918,0.0335767203019863,0.408712922488348,0.474195236603794,0.540505006947403,-0.0262769641660822,1,-0.349307999033627,0.0322240149686979,-0.412536103529031,-0.348960824159565,-0.285400209667751,0.0506920009663727,1,16.0405098905249,3.4104281896689,10.3748255216307,15.7353176105401,23.6452230854827,1.04050989052488,1,0,0,0,10836,0,0,0,0.000301,1.12491662755252,0.574984946250765,0.522501741230394,0.151018755497746,0.995555555555556,0.995555555555556,0.392543665150598,1.07915343040797,10.3124284574952,-8.8922627049328,0.0369300627239623,1.77114212364964,1.55358523036312e-11,214.079729169538,-24.8878707111426,5.36634851184909,0,0,0,0,2.99491136939085,4.24803954059272,-10.0724845964654,-23.1706502524311,"S4A","Sparse counts",NA,NA,NA,NA,NA,NA,NA,NA,NA,NA,NA,NA,NA,NA,NA,NA,NA,NA,NA,NA,NA,NA,NA,NA,NA,NA,NA,NA,NA,NA,NA,NA,NA,NA,NA,NA,NA,NA,NA,NA,NA,NA,NA,NA,NA,NA,NA,NA,NA,NA,NA,NA,NA,NA,NA,NA,NA,NA,NA,NA,NA,NA,NA,NA,NA,NA,NA,NA,NA,NA,NA,NA,NA,NA,NA,NA,NA,NA,NA,NA,NA,NA,NA,NA,NA,NA,NA,NA,NA,NA,NA,NA,NA,NA,NA,NA,NA,NA,NA,NA,NA,NA,NA,NA,NA,NA,NA,NA,NA,NA,NA,NA,NA,NA,NA,NA,NA,NA,NA,NA,NA,NA,NA,NA,NA,NA,NA,NA,NA,NA,NA,NA,NA,NA,NA,NA,NA,NA,NA,NA,NA,NA,NA,NA,NA,NA,NA,NA,NA,NA,NA,NA,NA,NA,NA,NA,NA,NA,NA,NA,NA,NA,NA,NA,NA,NA,NA,NA,NA,NA,NA
5,"S4A_SPARSE_COUNTS_CONTINUOUS_X2_T100","observation_sparse_counts",100,9,4.36444444444444,3,0.173333333333333,3928,61,"continuous_time",0.5,0.8,-4.97441594088994e-17,1,0.491010886099061,0.504819942274288,0,-4.25,0.0142642339089993,-1.5,-5.75,-5.81369881057473,0.5,-0.4,15,0.812411870772345,1.00363767332967,1.1854649268604,"/Users/chenghanyu/Dropbox/academia/research/msstnb-code/output_s4a_sparse_counts_continuous_x2/S4A_SPARSE_COUNTS_CONTINUOUS_X2_T100/fits/fit_rep05.rds","/Users/chenghanyu/Dropbox/academia/research/msstnb-code/data_s4a_sparse_counts_continuous_x2/S4A_SPARSE_COUNTS_CONTINUOUS_X2_T100/data_rep05.rds",40000,4000,"stable",TRUE,0.8,0,-5.81949065635036,0.0264681117894265,-5.87245493346994,-5.81920018278233,-5.76741139175133,-0.00579184577563918,1,0.526014342046323,0.0272994663591889,0.474260035720217,0.526007179318289,0.579119681460233,0.026014342046323,1,-0.376156429092456,0.0225615820731783,-0.420036837104697,-0.375957432377202,-0.333404566858944,0.0238435709075442,1,16.8212084833046,3.17992559552755,11.6867772806927,16.4532434225095,23.9540442153731,1.82120848330462,1,0,0,0,0,0,0,0,0,0.181725469736378,0.169506376037436,0.0575633252374678,-0.032781498660556,0.991111111111111,0.991111111111111,0.646582578701286,1.03688186646235,1.86383746932424,-0.480178052006983,0.0167958130148209,0.560568383161406,0.116662665216609,6.61472149474349,-2.14846871189833,1.88929769460101,0,0,0,0,1.04611377306852,1.45370785667972,-1.12776474934167,-1.55497922337931,"S4A","Sparse counts",NA,NA,NA,NA,NA,NA,NA,NA,NA,NA,NA,NA,NA,NA,NA,NA,NA,NA,NA,NA,NA,NA,NA,NA,NA,NA,NA,NA,NA,NA,NA,NA,NA,NA,NA,NA,NA,NA,NA,NA,NA,NA,NA,NA,NA,NA,NA,NA,NA,NA,NA,NA,NA,NA,NA,NA,NA,NA,NA,NA,NA,NA,NA,NA,NA,NA,NA,NA,NA,NA,NA,NA,NA,NA,NA,NA,NA,NA,NA,NA,NA,NA,NA,NA,NA,NA,NA,NA,NA,NA,NA,NA,NA,NA,NA,NA,NA,NA,NA,NA,NA,NA,NA,NA,NA,NA,NA,NA,NA,NA,NA,NA,NA,NA,NA,NA,NA,NA,NA,NA,NA,NA,NA,NA,NA,NA,NA,NA,NA,NA,NA,NA,NA,NA,NA,NA,NA,NA,NA,NA,NA,NA,NA,NA,NA,NA,NA,NA,NA,NA,NA,NA,NA,NA,NA,NA,NA,NA,NA,NA,NA,NA,NA,NA,NA,NA,NA,NA,NA,NA,NA
6,"S4A_SPARSE_COUNTS_CONTINUOUS_X2_T100","observation_sparse_counts",100,9,2.89333333333333,2,0.233333333333333,2604,35,"continuous_time",0.5,0.8,-1.92438657601694e-17,1,0.509936183848334,0.512177790831771,0,-4.25,0.0142642339089993,-1.5,-5.75,-5.87820166799763,0.5,-0.4,15,0.671701905629369,1.00369731826595,1.39404054630323,"/Users/chenghanyu/Dropbox/academia/research/msstnb-code/output_s4a_sparse_counts_continuous_x2/S4A_SPARSE_COUNTS_CONTINUOUS_X2_T100/fits/fit_rep06.rds","/Users/chenghanyu/Dropbox/academia/research/msstnb-code/data_s4a_sparse_counts_continuous_x2/S4A_SPARSE_COUNTS_CONTINUOUS_X2_T100/data_rep06.rds",40000,4000,"stable",TRUE,0.8,0,-5.99604600046818,0.0363056996423786,-6.07012581396262,-5.99572707198258,-5.92557036914222,-0.117844332470548,0,0.480949828918636,0.0292249491280753,0.423273886237454,0.481472397474383,0.536497241499992,-0.0190501710813641,1,-0.380424215608149,0.0268730761039985,-0.432418963612558,-0.380481348797881,-0.328236993792257,0.0195757843918508,1,16.8263016965021,3.31922508896081,11.4065616123369,16.4579780734261,24.2517124433028,1.82630169650211,1,0,0,0,0,0,0,0,0,0.272383434497001,0.208052057626983,0.26183530685643,0.0228936344523644,0.997777777777778,0.997777777777778,0.592481364994728,1.0426886070283,2.78348948740131,-0.825914477405186,0.013141945192182,0.861675948765152,0.0151908837802455,26.0021205354502,-4.1870597823523,3.2581780937515,0,0,0,0,1.69437347926235,2.35826247089596,-2.00575686298999,-2.98933507672763,"S4A","Sparse counts",NA,NA,NA,NA,NA,NA,NA,NA,NA,NA,NA,NA,NA,NA,NA,NA,NA,NA,NA,NA,NA,NA,NA,NA,NA,NA,NA,NA,NA,NA,NA,NA,NA,NA,NA,NA,NA,NA,NA,NA,NA,NA,NA,NA,NA,NA,NA,NA,NA,NA,NA,NA,NA,NA,NA,NA,NA,NA,NA,NA,NA,NA,NA,NA,NA,NA,NA,NA,NA,NA,NA,NA,NA,NA,NA,NA,NA,NA,NA,NA,NA,NA,NA,NA,NA,NA,NA,NA,NA,NA,NA,NA,NA,NA,NA,NA,NA,NA,NA,NA,NA,NA,NA,NA,NA,NA,NA,NA,NA,NA,NA,NA,NA,NA,NA,NA,NA,NA,NA,NA,NA,NA,NA,NA,NA,NA,NA,NA,NA,NA,NA,NA,NA,NA,NA,NA,NA,NA,NA,NA,NA,NA,NA,NA,NA,NA,NA,NA,NA,NA,NA,NA,NA,NA,NA,NA,NA,NA,NA,NA,NA,NA,NA,NA,NA,NA,NA,NA,NA,NA,NA
7,"S4A_SPARSE_COUNTS_CONTINUOUS_X2_T100","observation_sparse_counts",100,9,2.97555555555556,1,0.308888888888889,2678,45,"continuous_time",0.5,0.8,-2.368475785867e-17,1,0.433517572431339,0.411979807479757,0,-4.25,0.0142642339089993,-1.5,-5.75,-5.91316248304008,0.5,-0.4,15,0.664451469586054,1.00843301525104,1.45936769052892,"/Users/chenghanyu/Dropbox/academia/research/msstnb-code/output_s4a_sparse_counts_continuous_x2/S4A_SPARSE_COUNTS_CONTINUOUS_X2_T100/fits/fit_rep07.rds","/Users/chenghanyu/Dropbox/academia/research/msstnb-code/data_s4a_sparse_counts_continuous_x2/S4A_SPARSE_COUNTS_CONTINUOUS_X2_T100/data_rep07.rds",40000,4000,"stable",TRUE,0.8,0,-5.98341039788324,0.0392861429918496,-6.06101737837162,-5.98316932660325,-5.90818540347507,-0.0702479148431587,1,0.505794664865331,0.031489080555796,0.445175743606257,0.505709134095954,0.566545981339027,0.00579466486533109,1,-0.379034061325962,0.0260006758205505,-0.429205810473883,-0.378716178426963,-0.328016214500313,0.0209659386740385,1,18.3036531493212,3.57429099648816,12.2887573948209,18.0163025903991,26.1277798954839,3.30365314932118,1,0,0,0,0,0,0,0,0,0.285733982359213,0.257006232774966,0.416065147468821,0.0531720977263412,0.995555555555556,0.995555555555556,0.474943885766711,1.04482125109595,2.4181057399414,-1.48392328073583,0.0108859459725982,0.761783101645037,7.16708900888262e-06,18.6426060963375,-11.8460109817632,2.92544961151993,0,0,0,0,1.46413472088332,1.92996165037811,-2.50545029250748,-5.85296273989448,"S4A","Sparse counts",NA,NA,NA,NA,NA,NA,NA,NA,NA,NA,NA,NA,NA,NA,NA,NA,NA,NA,NA,NA,NA,NA,NA,NA,NA,NA,NA,NA,NA,NA,NA,NA,NA,NA,NA,NA,NA,NA,NA,NA,NA,NA,NA,NA,NA,NA,NA,NA,NA,NA,NA,NA,NA,NA,NA,NA,NA,NA,NA,NA,NA,NA,NA,NA,NA,NA,NA,NA,NA,NA,NA,NA,NA,NA,NA,NA,NA,NA,NA,NA,NA,NA,NA,NA,NA,NA,NA,NA,NA,NA,NA,NA,NA,NA,NA,NA,NA,NA,NA,NA,NA,NA,NA,NA,NA,NA,NA,NA,NA,NA,NA,NA,NA,NA,NA,NA,NA,NA,NA,NA,NA,NA,NA,NA,NA,NA,NA,NA,NA,NA,NA,NA,NA,NA,NA,NA,NA,NA,NA,NA,NA,NA,NA,NA,NA,NA,NA,NA,NA,NA,NA,NA,NA,NA,NA,NA,NA,NA,NA,NA,NA,NA,NA,NA,NA,NA,NA,NA,NA,NA,NA
8,"S4A_SPARSE_COUNTS_CONTINUOUS_X2_T100","observation_sparse_counts",100,9,2.62,1,0.312222222222222,2358,47,"continuous_time",0.5,0.8,-5.42775700927854e-18,1,0.485235053854419,0.52204721430941,0,-4.25,0.0142642339089993,-1.5,-5.75,-6.04725193697302,0.5,-0.4,15,0.51553310740229,0.996248166967459,2.20549534575597,"/Users/chenghanyu/Dropbox/academia/research/msstnb-code/output_s4a_sparse_counts_continuous_x2/S4A_SPARSE_COUNTS_CONTINUOUS_X2_T100/fits/fit_rep08.rds","/Users/chenghanyu/Dropbox/academia/research/msstnb-code/data_s4a_sparse_counts_continuous_x2/S4A_SPARSE_COUNTS_CONTINUOUS_X2_T100/data_rep08.rds",40000,4000,"numerical_instability",TRUE,0.8,0,-6.40430516290653,0.094266255271548,-6.59413928585271,-6.40027304249406,-6.22969519038681,-0.357053225933508,0,0.492825875512667,0.0331138693494296,0.426805838908626,0.492565553370531,0.558637245811609,-0.00717412448733318,1,-0.421952003811744,0.029260699879021,-0.481353504706597,-0.421855187666648,-0.366973140647026,-0.021952003811744,1,15.5392476008677,3.2662604375979,10.0627043543395,15.2927084771546,22.766205217058,0.53924760086767,1,0,0,0,76431,0,0,0,0.00212308333333333,3.19327385470101,1.18357958061687,0.304171085021258,-0.0120117613309717,0.975555555555556,0.975555555555556,0.139339731628939,1.06658569256018,20.4222148910692,-15.8405006216199,0.030554394233742,2.51495544504809,5.11701276932766e-12,1121.48309993089,-25.9984502906372,7.02240728468122,0,0,0,0,3.5428501010208,5.2076273551547,-16.5603397225911,-24.342383922615,"S4A","Sparse counts",NA,NA,NA,NA,NA,NA,NA,NA,NA,NA,NA,NA,NA,NA,NA,NA,NA,NA,NA,NA,NA,NA,NA,NA,NA,NA,NA,NA,NA,NA,NA,NA,NA,NA,NA,NA,NA,NA,NA,NA,NA,NA,NA,NA,NA,NA,NA,NA,NA,NA,NA,NA,NA,NA,NA,NA,NA,NA,NA,NA,NA,NA,NA,NA,NA,NA,NA,NA,NA,NA,NA,NA,NA,NA,NA,NA,NA,NA,NA,NA,NA,NA,NA,NA,NA,NA,NA,NA,NA,NA,NA,NA,NA,NA,NA,NA,NA,NA,NA,NA,NA,NA,NA,NA,NA,NA,NA,NA,NA,NA,NA,NA,NA,NA,NA,NA,NA,NA,NA,NA,NA,NA,NA,NA,NA,NA,NA,NA,NA,NA,NA,NA,NA,NA,NA,NA,NA,NA,NA,NA,NA,NA,NA,NA,NA,NA,NA,NA,NA,NA,NA,NA,NA,NA,NA,NA,NA,NA,NA,NA,NA,NA,NA,NA,NA,NA,NA,NA,NA,NA,NA
9,"S4A_SPARSE_COUNTS_CONTINUOUS_X2_T100","observation_sparse_counts",100,9,2.86888888888889,2,0.217777777777778,2582,25,"continuous_time",0.5,0.8,-5.9211894646675e-17,1,0.466240347271394,0.469724236734233,0,-4.25,0.0142642339089993,-1.5,-5.75,-5.8516665297927,0.5,-0.4,15,0.731822629805188,0.993923746232133,1.31998233744889,"/Users/chenghanyu/Dropbox/academia/research/msstnb-code/output_s4a_sparse_counts_continuous_x2/S4A_SPARSE_COUNTS_CONTINUOUS_X2_T100/fits/fit_rep09.rds","/Users/chenghanyu/Dropbox/academia/research/msstnb-code/data_s4a_sparse_counts_continuous_x2/S4A_SPARSE_COUNTS_CONTINUOUS_X2_T100/data_rep09.rds",40000,4000,"stable",TRUE,0.8,0,-5.88240016669362,0.0299199577430224,-5.94190833554095,-5.8822828872399,-5.82579996627959,-0.0307336369009166,1,0.548561395575368,0.0281612520356856,0.494959183552486,0.547907316405287,0.605113464591646,0.0485613955753678,1,-0.398223556942003,0.0266219827561744,-0.450980477619892,-0.397889268268227,-0.347225388667715,0.00177644305799746,1,18.7980133201685,3.59188698127554,12.7396233246031,18.4981967065528,26.8202190434195,3.79801332016853,1,0,0,0,0,0,0,0,0,0.209315593955225,0.193546274857166,0.13157627687663,0.0483039692474516,0.996666666666667,0.996666666666667,0.614338335037781,1.03807866140681,2.00282828871053,-0.533407038288392,0.00680529936335124,0.582780261693009,0.0348100455777774,9.84778986425295,-3.35784926782964,2.28724705074354,0,0,0,0,1.14982638985715,1.64307327663827,-1.25592168919965,-1.79996120742585,"S4A","Sparse counts",NA,NA,NA,NA,NA,NA,NA,NA,NA,NA,NA,NA,NA,NA,NA,NA,NA,NA,NA,NA,NA,NA,NA,NA,NA,NA,NA,NA,NA,NA,NA,NA,NA,NA,NA,NA,NA,NA,NA,NA,NA,NA,NA,NA,NA,NA,NA,NA,NA,NA,NA,NA,NA,NA,NA,NA,NA,NA,NA,NA,NA,NA,NA,NA,NA,NA,NA,NA,NA,NA,NA,NA,NA,NA,NA,NA,NA,NA,NA,NA,NA,NA,NA,NA,NA,NA,NA,NA,NA,NA,NA,NA,NA,NA,NA,NA,NA,NA,NA,NA,NA,NA,NA,NA,NA,NA,NA,NA,NA,NA,NA,NA,NA,NA,NA,NA,NA,NA,NA,NA,NA,NA,NA,NA,NA,NA,NA,NA,NA,NA,NA,NA,NA,NA,NA,NA,NA,NA,NA,NA,NA,NA,NA,NA,NA,NA,NA,NA,NA,NA,NA,NA,NA,NA,NA,NA,NA,NA,NA,NA,NA,NA,NA,NA,NA,NA,NA,NA,NA,NA,NA
10,"S4A_SPARSE_COUNTS_CONTINUOUS_X2_T100","observation_sparse_counts",100,9,3.10777777777778,2,0.223333333333333,2797,41,"continuous_time",0.5,0.8,-1.25825276124184e-16,1,0.488604066010629,0.501570299783497,0,-4.25,0.0142642339089993,-1.5,-5.75,-5.85878847912896,0.5,-0.4,15,0.672952675047904,0.999322478714037,1.70989759174562,"/Users/chenghanyu/Dropbox/academia/research/msstnb-code/output_s4a_sparse_counts_continuous_x2/S4A_SPARSE_COUNTS_CONTINUOUS_X2_T100/fits/fit_rep10.rds","/Users/chenghanyu/Dropbox/academia/research/msstnb-code/data_s4a_sparse_counts_continuous_x2/S4A_SPARSE_COUNTS_CONTINUOUS_X2_T100/data_rep10.rds",40000,4000,"numerical_instability",TRUE,0.8,0,-5.9716305425307,0.0539485801707567,-6.08478284046847,-5.96703808941591,-5.87866280212702,-0.11284206340174,0,0.480380511678965,0.0327408760700957,0.416830457089156,0.480986784247956,0.542709369170998,-0.019619488321035,1,-0.41480377052851,0.02686242509142,-0.467937326633336,-0.414546154678285,-0.360152597120341,-0.0148037705285102,1,14.1197632709732,3.03266110337734,9.16194705570502,13.7500115278221,21.0347225927778,-0.880236729026795,1,0,0,0,14970,0,0,0,0.000415833333333333,0.574191099067246,0.680180983568633,0.46385062148634,0.12333677907689,0.97,0.97,0.0847127319259773,1.03346778255756,4.40450133289968,-10.6609628920691,0.0117479169920186,1.31790400403374,1.71161066025303e-11,43.1943788938598,-24.7910011891549,3.76571036858627,0,0,0,0,1.85400772701725,2.84410156425204,-11.3153365711135,-23.1878021968799,"S4A","Sparse counts",NA,NA,NA,NA,NA,NA,NA,NA,NA,NA,NA,NA,NA,NA,NA,NA,NA,NA,NA,NA,NA,NA,NA,NA,NA,NA,NA,NA,NA,NA,NA,NA,NA,NA,NA,NA,NA,NA,NA,NA,NA,NA,NA,NA,NA,NA,NA,NA,NA,NA,NA,NA,NA,NA,NA,NA,NA,NA,NA,NA,NA,NA,NA,NA,NA,NA,NA,NA,NA,NA,NA,NA,NA,NA,NA,NA,NA,NA,NA,NA,NA,NA,NA,NA,NA,NA,NA,NA,NA,NA,NA,NA,NA,NA,NA,NA,NA,NA,NA,NA,NA,NA,NA,NA,NA,NA,NA,NA,NA,NA,NA,NA,NA,NA,NA,NA,NA,NA,NA,NA,NA,NA,NA,NA,NA,NA,NA,NA,NA,NA,NA,NA,NA,NA,NA,NA,NA,NA,NA,NA,NA,NA,NA,NA,NA,NA,NA,NA,NA,NA,NA,NA,NA,NA,NA,NA,NA,NA,NA,NA,NA,NA,NA,NA,NA,NA,NA,NA,NA,NA,NA
NA,"S4B_LOW_HETEROGENEOUS_EXPOSURE_FIXED_GAMMA_CONTINUOUS_X2_T100","low_exposure",100,9,8.29444444444444,NA,0.224444444444444,7465,85,"continuous_time",0.5,0.8,NA,NA,NA,NA,NA,NA,NA,NA,NA,NA,NA,NA,NA,0.258601708347133,NA,2.09912711965495,NA,NA,NA,NA,NA,TRUE,0.8,0,-2.29748575002967,0.0553299103641971,-2.41484772891509,-2.29579186820931,-2.19196809201774,-0.162370348715439,NA,0.510486842467723,0.0222089775831792,0.463367145618892,0.510848631047587,0.554715451368168,0.0104868424677234,NA,-0.401081466068736,0.0198981644590341,-0.438663788736632,-0.40196002435339,-0.362924422020478,-0.00108146606873638,NA,14.9041800382375,NA,NA,NA,NA,-0.0958199617624764,NA,NA,NA,NA,NA,NA,NA,NA,NA,2.02359769499673,0.664688768786745,0.382820541583377,-0.0292992271867499,0.943333333333333,0.943333333333333,NA,NA,NA,NA,NA,NA,NA,NA,NA,NA,NA,NA,NA,NA,NA,NA,NA,NA,"S4B","Low/heterogeneous exposure",1,TRUE,TRUE,FALSE,0.8,0.8,0.8,0.8,0,1,NA,NA,-2.13511540131423,0,0.5,1,-0.4,1,0.287978569212194,0.997524087847023,3.02227378925737e-16,15,5.85186587767858,12.9538443749654,35.0476779606665,0.0880560313383207,-1740.85586915913,-1912.16413986631,0.355833333333333,0.360148148148148,13.3308333333333,34.6590000000142,0.541707386534231,0.280031184526815,0.206794312536077,0.0925479468050155,0.0484482824648011,0.258601708347133,2.09912711965495,0.0409976430006904,18.408596424942,"low_heterogeneous_exposure",0.05,0.05,0.0152726489322482,0.122614281750691,152.006666666667,0.0122222222222222,8.29444444444444,0.224444444444444,7465,85,656.841291469245,33.5651713492106,0.051100885077019,0.772886513957123,0.509592335731817,0.532722628145264,2.98,0.333333333333333,16.54,0.00333333333333333,0.885678863918526,3,11.9035702659796,0.0315150478623236,2.98,0.333333333333333,894,3,25.2868588201432,0.0449674129697634,5.36333333333333,0.336666666666667,1609,3,63.5050849615091,0.0735175391679131,16.54,0.00333333333333333,4962,0.394306646756763,0.306262235847961,0.657882106376736,3.48210809804581,1.00775679475734,0.288191473889675,0.0654855360778902,0.0649026010634485,0.525879252290861,0.0917121123485128,0.080084998577871,0.999684890937575,0.477018949898097,0.348632778372509,0.99992863313444,0.113299509545265,0.109922580225053,0.99083530134313,0,0,0,0,0.05,0.05,"stable",TRUE,TRUE,NA,NA,NA,NA,NA,NA,NA,NA,NA,NA,NA,NA,NA,NA,NA,NA,NA,NA,NA,NA,NA,NA,NA,NA,NA,NA,NA,NA,NA,NA,NA,NA,NA,NA,NA,NA,NA,NA,NA,NA,NA,NA,NA,NA,NA,NA,NA,NA,NA,NA,NA,NA,NA,NA,NA,NA,NA,NA,NA,NA,NA,NA,NA
NA,"S4B_LOW_HETEROGENEOUS_EXPOSURE_FIXED_GAMMA_CONTINUOUS_X2_T100","low_exposure",100,9,11.2677777777778,NA,0.105555555555556,10141,139,"continuous_time",0.5,0.8,NA,NA,NA,NA,NA,NA,NA,NA,NA,NA,NA,NA,NA,0.75293698671582,NA,1.23171288561439,NA,NA,NA,NA,NA,TRUE,0.8,0,-1.39632924836362,0.0217782221475669,-1.43947778749395,-1.39598226721831,-1.35424181114073,-0.0112657217006413,NA,0.482066961409403,0.0176741988911085,0.448007730134269,0.482433464170364,0.516712718453102,-0.0179330385905972,NA,-0.386470919065649,0.0168469682196478,-0.419669561080641,-0.386253098604117,-0.353575381148256,0.013529080934351,NA,16.0214416274468,NA,NA,NA,NA,1.02144162744684,NA,NA,NA,NA,NA,NA,NA,NA,NA,0.15062239639208,0.141052354286578,0.178752156981576,-0.0570587120556583,1,1,NA,NA,NA,NA,NA,NA,NA,NA,NA,NA,NA,NA,NA,NA,NA,NA,NA,NA,"S4B","Low/heterogeneous exposure",2,TRUE,TRUE,FALSE,0.8,0.8,0.8,0.8,0,1,NA,NA,-1.38506352666298,1,0.5,1,-0.4,1,0.0644422259413264,0.975222606113467,1.2335811384724e-16,15,7.03668373145175,14.4591827354068,34.4073534770412,3.48348540221898,-2013.43548555753,-2226.26881441955,0.263025,0.312508333333333,13.531375,230.723999999987,0.103249143328909,0.0996994599250996,0.197399998803232,0.0361352494425079,0.0249687590295551,0.75293698671582,1.23171288561439,0.679850993744736,1.74161745194896,"low_heterogeneous_exposure",0.05,0.05,0.00837772394485892,0.164660320586808,228.057777777778,0,11.2677777777778,0.105555555555556,10141,139,724.026171419258,33.410679098146,0.0461456787296147,0.785272211231672,0.819837367998273,0.862270673607883,1.95666666666667,0.293333333333333,19.1,0.00333333333333333,0.87789895070593,3,8.59624986601709,0.0123756076526874,1.95666666666667,0.293333333333333,587,3,26.7585604848679,0.0604765984853016,12.7466666666667,0.02,3824,3,64.877226943553,0.077147793862011,19.1,0.00333333333333333,5730,0.229398522587613,0.208176477768326,-0.00973172611643508,0.093638401986894,0.0909118413432059,0.365071841497869,0.081666923491948,0.0799666242173043,0.54956548994202,0.104884094620239,0.0914168084916932,0.982537116883771,0.0231753810398892,0.0214644119828598,0.97813931399615,0.0303418829700389,0.0252718220556752,0.999945028154219,0,0,0,0,0.05,0.05,"stable",TRUE,TRUE,NA,NA,NA,NA,NA,NA,NA,NA,NA,NA,NA,NA,NA,NA,NA,NA,NA,NA,NA,NA,NA,NA,NA,NA,NA,NA,NA,NA,NA,NA,NA,NA,NA,NA,NA,NA,NA,NA,NA,NA,NA,NA,NA,NA,NA,NA,NA,NA,NA,NA,NA,NA,NA,NA,NA,NA,NA,NA,NA,NA,NA,NA,NA
NA,"S4B_LOW_HETEROGENEOUS_EXPOSURE_FIXED_GAMMA_CONTINUOUS_X2_T100","low_exposure",100,9,10.7044444444444,NA,0.134444444444444,9634,177,"continuous_time",0.5,0.8,NA,NA,NA,NA,NA,NA,NA,NA,NA,NA,NA,NA,NA,0.782412894359852,NA,1.27651777505022,NA,NA,NA,NA,NA,TRUE,0.8,0,-1.51626198824335,0.0235074002674781,-1.56266039040227,-1.51675008454872,-1.46943815545651,-0.0545885114153488,NA,0.511273752728057,0.020652351843313,0.470949638629398,0.511495697038224,0.552515372889664,0.0112737527280574,NA,-0.415054820358052,0.0186259429101702,-0.45136637370605,-0.415272360914384,-0.378862355896325,-0.0150548203580518,NA,17.9320000562108,NA,NA,NA,NA,2.93200005621075,NA,NA,NA,NA,NA,NA,NA,NA,NA,0.169492453453296,0.143215142631815,0.41318967840656,0.122727050408925,0.99,0.99,NA,NA,NA,NA,NA,NA,NA,NA,NA,NA,NA,NA,NA,NA,NA,NA,NA,NA,"S4B","Low/heterogeneous exposure",3,TRUE,TRUE,FALSE,0.8,0.8,0.8,0.8,0,1,NA,NA,-1.461673476828,0,0.5,1,-0.4,1,0.0739537296806446,0.973274197870905,-1.14106255308697e-16,15,7.33237361423702,16.0920679099821,39.096742223475,3.05218786693294,-1890.059230795,-2067.44266129951,0.23255,0.303336111111111,13.404775,230.049999999988,0.106156963722029,0.100898897443704,0.364592609908702,0.0336351274989728,0.0248285607103986,0.782412894359852,1.27651777505022,0.699543848837307,2.48854836931724,"low_heterogeneous_exposure",0.05,0.0500031266270105,0.005,0.197262495584007,209.543333333333,0,10.7044444444444,0.134444444444444,9634,177,742.828380650023,41.2959998895333,0.0555929215485771,1.18511589009766,1.05734468059829,1.11398313707913,1.58666666666667,0.33,25.03,0,0.938390799399166,3,5.40849911821651,0.0131694290901779,1.58666666666667,0.33,476,3,17.8648590050073,0.0207135445816725,5.49666666666667,0.0733333333333333,1649,3,100.614641545376,0.116126406209181,25.03,0,7509,0.263741279029294,0.212444985461562,0.320439105849456,0.111365068412006,0.10959686168614,0.265324878740243,0.06497256810712,0.0652286831864952,0.795948534534421,0.102617950650399,0.09733541074106,0.999949658762792,0.0342585341999395,0.0310990245177859,0.999453998135793,0.0685811303480584,0.0648355362581283,0.97616397096182,0,0,0,0,0.05,0.0500031266270105,"stable",TRUE,TRUE,NA,NA,NA,NA,NA,NA,NA,NA,NA,NA,NA,NA,NA,NA,NA,NA,NA,NA,NA,NA,NA,NA,NA,NA,NA,NA,NA,NA,NA,NA,NA,NA,NA,NA,NA,NA,NA,NA,NA,NA,NA,NA,NA,NA,NA,NA,NA,NA,NA,NA,NA,NA,NA,NA,NA,NA,NA,NA,NA,NA,NA,NA,NA
NA,"S4B_LOW_HETEROGENEOUS_EXPOSURE_FIXED_GAMMA_CONTINUOUS_X2_T100","low_exposure",100,9,6.49222222222222,NA,0.131111111111111,5843,55,"continuous_time",0.5,0.8,NA,NA,NA,NA,NA,NA,NA,NA,NA,NA,NA,NA,NA,0.368683096446175,NA,2.48743034067827,NA,NA,NA,NA,NA,TRUE,0.8,0,-2.01883767964062,0.0332427565363057,-2.08579579495799,-2.01883668315821,-1.95417606911022,-0.0199047898814926,NA,0.487042659793603,0.0210822020146333,0.44672090873591,0.487087590139876,0.528649104324141,-0.0129573402063967,NA,-0.403955929087234,0.0204808083458244,-0.442557812453118,-0.403997170815632,-0.363706800529971,-0.00395592908723408,NA,19.2036025248921,NA,NA,NA,NA,4.20360252489214,NA,NA,NA,NA,NA,NA,NA,NA,NA,0.270981206928472,0.232710607974367,0.536040895367037,0.166475928248855,0.994444444444444,0.994444444444444,NA,NA,NA,NA,NA,NA,NA,NA,NA,NA,NA,NA,NA,NA,NA,NA,NA,NA,"S4B","Low/heterogeneous exposure",4,TRUE,TRUE,FALSE,0.8,0.8,0.8,0.8,0,1,NA,NA,-1.99893288975913,1,0.5,1,-0.4,1,0.0655705108891323,0.998836097781363,2.03046973524924e-17,15,7.42145992550933,17.0206325703283,43.6084340852784,0.197411473314381,-1804.91056595485,-1930.7603650259,0.261775,0.2992,13.246875,232.253999999986,0.13253359190756,0.124068699288621,0.678672913811396,0.0614352901570693,0.0346165266370238,0.368683096446175,2.48743034067827,0.420869292749288,3.34436784931529,"low_heterogeneous_exposure",0.05,0.05,0.0161256197803077,0.138238704099692,135.158888888889,0.00888888888888889,6.49222222222222,0.131111111111111,5843,55,655.403339109013,36.2560582069763,0.0553186962035692,0.854245265689194,0.566803515910541,0.593423450789666,5.19666666666667,0.0533333333333333,11.5066666666667,0.00333333333333333,0.847925123421335,3,12.6098191788377,0.025417620598098,5.19666666666667,0.0533333333333333,1559,3,20.777338967187,0.0417858515652337,2.77333333333333,0.336666666666667,832,3,75.3810164749042,0.0827965278366683,11.5066666666667,0.00333333333333333,3452,0.109457276807406,0.106448977519929,0.313588410097759,0.447160487999222,0.346395511232792,0.593746158685983,0.0914278188049978,0.091067245834115,0.0303347679138784,0.0320694462267628,0.0249312488906727,0.991844026362908,0.0841355596334442,0.0697716960208457,0.999504139067511,0.0692187396494719,0.0567679504902788,0.964509846834097,0,0,0,1,0.05,0.05,"soft_warning",TRUE,FALSE,NA,NA,NA,NA,NA,NA,NA,NA,NA,NA,NA,NA,NA,NA,NA,NA,NA,NA,NA,NA,NA,NA,NA,NA,NA,NA,NA,NA,NA,NA,NA,NA,NA,NA,NA,NA,NA,NA,NA,NA,NA,NA,NA,NA,NA,NA,NA,NA,NA,NA,NA,NA,NA,NA,NA,NA,NA,NA,NA,NA,NA,NA,NA
NA,"S4B_LOW_HETEROGENEOUS_EXPOSURE_FIXED_GAMMA_CONTINUOUS_X2_T100","low_exposure",100,9,17.7111111111111,NA,0.16,15940,290,"continuous_time",0.5,0.8,NA,NA,NA,NA,NA,NA,NA,NA,NA,NA,NA,NA,NA,0.812411870772345,NA,1.1854649268604,NA,NA,NA,NA,NA,TRUE,0.8,0,-1.66278952539241,0.0297322147705451,-1.72245936444377,-1.66168069729358,-1.60606687124077,-0.0990907148176872,NA,0.516740218213915,0.0181678216078398,0.480852707394728,0.51627842071231,0.55169417565945,0.0167402182139148,NA,-0.385790570200762,0.0161363515569357,-0.417612486920995,-0.385704468322054,-0.354118588616381,0.0142094297992382,NA,17.0381146386446,NA,NA,NA,NA,2.03811463864463,NA,NA,NA,NA,NA,NA,NA,NA,NA,0.222027150923002,0.196920175348885,0.401490915865965,0.00548598058254794,0.996666666666667,0.996666666666667,NA,NA,NA,NA,NA,NA,NA,NA,NA,NA,NA,NA,NA,NA,NA,NA,NA,NA,"S4B","Low/heterogeneous exposure",5,TRUE,TRUE,FALSE,0.8,0.8,0.8,0.8,0,1,NA,NA,-1.56369881057473,0,0.5,1,-0.4,1,0.121300292896095,0.982973365997322,-7.95659834314696e-16,15,7.2882935313615,15.2889044693425,36.4257539066974,0.568231845419038,-1965.91550047852,-2199.51446457393,0.229075,0.31785,13.555575,228.680999999982,0.131496196071531,0.120169374771204,0.340302155500314,0.0506033958856131,0.0312070399888071,0.812411870772345,1.1854649268604,0.338354401767498,2.56228446205477,"low_heterogeneous_exposure",0.05,0.0500000022856939,0.005,0.207871185221955,301.414444444444,0,17.7111111111111,0.16,15940,290,887.757482377902,43.9201800451912,0.0494731736054185,0.850287624248096,0.906917906530332,0.95459560228264,1.39,0.44,43.27,0.00666666666666667,0.852285747132339,3,8.65629204534425,0.00942658779766838,1.39,0.44,417,3,36.8256793568319,0.0411012718718504,8.47333333333333,0.0333333333333333,2542,3,86.2785687333973,0.0994721471875628,43.27,0.00666666666666667,12981,0.366114506978697,0.318622657972865,0.47217831687076,0.089059965373135,0.0874581810628628,0.258509706083772,0.0769198127171245,0.0779039320333292,0.45665411419387,0.182428083914309,0.153808057314161,0.974344815974679,0.0543828271116336,0.0444453259739318,0.998500769186885,0.0889032366381294,0.0868720699388589,0.999983844834774,0,0,0,0,0.05,0.0500000022856939,"stable",TRUE,TRUE,NA,NA,NA,NA,NA,NA,NA,NA,NA,NA,NA,NA,NA,NA,NA,NA,NA,NA,NA,NA,NA,NA,NA,NA,NA,NA,NA,NA,NA,NA,NA,NA,NA,NA,NA,NA,NA,NA,NA,NA,NA,NA,NA,NA,NA,NA,NA,NA,NA,NA,NA,NA,NA,NA,NA,NA,NA,NA,NA,NA,NA,NA,NA
NA,"S4B_LOW_HETEROGENEOUS_EXPOSURE_FIXED_GAMMA_CONTINUOUS_X2_T100","low_exposure",100,9,11.35,NA,0.0733333333333333,10215,124,"continuous_time",0.5,0.8,NA,NA,NA,NA,NA,NA,NA,NA,NA,NA,NA,NA,NA,0.671701905629369,NA,1.39404054630323,NA,NA,NA,NA,NA,TRUE,0.8,0,-1.62446395995393,0.0211416095045579,-1.66649794718921,-1.62413637449384,-1.58282960626842,0.00373770804369733,NA,0.469739359452301,0.0173382364322091,0.434990278193303,0.469904777545191,0.502955435320601,-0.0302606405476991,NA,-0.37003925040202,0.0170719816756348,-0.403230670913996,-0.369868031292856,-0.335904791054856,0.0299607495979805,NA,17.8257818728376,NA,NA,NA,NA,2.82578187283757,NA,NA,NA,NA,NA,NA,NA,NA,NA,0.12966602160232,0.129217610465875,0.470111495793759,0.170432457193671,0.994444444444444,0.994444444444444,NA,NA,NA,NA,NA,NA,NA,NA,NA,NA,NA,NA,NA,NA,NA,NA,NA,NA,"S4B","Low/heterogeneous exposure",6,TRUE,TRUE,FALSE,0.8,0.8,0.8,0.8,0,1,NA,NA,-1.62820166799763,1,0.5,1,-0.4,1,0.0323542642094701,0.999108730147471,4.62592926927149e-17,15,8.02738108302797,16.3410285451393,36.2291078533126,0.532714917988098,-2025.70015621329,-2233.75536261439,0.240425,0.306666666666667,13.534825,227.334000000003,0.0914379571027628,0.0898371084106294,0.49909063970601,0.0328808311529733,0.0232433019992789,0.671701905629369,1.39404054630323,0.561690721040435,1.78431719463928,"low_heterogeneous_exposure",0.05,0.05,0.022474621616377,0.140749458091567,211.054444444444,0,11.35,0.0733333333333333,10215,124,746.404876046611,36.9176993952045,0.0494606889370041,0.648279493233658,0.63085415455699,0.661050570361701,3.29,0.206666666666667,21.8,0.00666666666666667,0.967244504123485,3,17.8250263205709,0.0332325503546135,3.29,0.206666666666667,987,3,29.2171684472371,0.0313353706128136,8.96,0.00666666666666667,2688,3,63.7109034178054,0.0854320790325729,21.8,0.00666666666666667,6540,0.188389498129383,0.178668886703964,0.536345923703793,0.0817659211117907,0.0842661652292152,0.351751592582668,0.0909041396957213,0.0910036256712316,0.396840394300217,0.0441965576571009,0.0410846864141582,0.999996809999652,0.0148711029571852,0.013128587791656,0.998255036325945,0.0310790898468399,0.0256937496782584,0.998495916862801,0,0,0,0,0.05,0.05,"stable",TRUE,TRUE,NA,NA,NA,NA,NA,NA,NA,NA,NA,NA,NA,NA,NA,NA,NA,NA,NA,NA,NA,NA,NA,NA,NA,NA,NA,NA,NA,NA,NA,NA,NA,NA,NA,NA,NA,NA,NA,NA,NA,NA,NA,NA,NA,NA,NA,NA,NA,NA,NA,NA,NA,NA,NA,NA,NA,NA,NA,NA,NA,NA,NA,NA,NA
NA,"S4B_LOW_HETEROGENEOUS_EXPOSURE_FIXED_GAMMA_CONTINUOUS_X2_T100","low_exposure",100,9,10.2788888888889,NA,0.147777777777778,9251,144,"continuous_time",0.5,0.8,NA,NA,NA,NA,NA,NA,NA,NA,NA,NA,NA,NA,NA,0.664451469586054,NA,1.45936769052892,NA,NA,NA,NA,NA,TRUE,0.8,0,-1.69447051580017,0.0256142867040901,-1.74540086372903,-1.69391797757736,-1.64455189760128,-0.0313080327600972,NA,0.493353274906144,0.0212521552801994,0.452408948894006,0.493353527653906,0.534422401097464,-0.00664672509385583,NA,-0.407362249805779,0.0185399755531825,-0.444421019923308,-0.407113337487181,-0.370872686019692,-0.00736224980577943,NA,18.86655294126,NA,NA,NA,NA,3.86655294126,NA,NA,NA,NA,NA,NA,NA,NA,NA,0.146672808041597,0.135242419191842,0.582794577180233,0.0719127645759693,1,1,NA,NA,NA,NA,NA,NA,NA,NA,NA,NA,NA,NA,NA,NA,NA,NA,NA,NA,"S4B","Low/heterogeneous exposure",7,TRUE,TRUE,FALSE,0.8,0.8,0.8,0.8,0,1,NA,NA,-1.66316248304008,1,0.5,1,-0.4,1,0.0513363696297944,0.998028049782866,-1.8812112361704e-16,15,7.53916761980557,16.755284146868,42.3472927342136,0.62352069305658,-1836.04212225949,-1993.54279295791,0.273525,0.307394444444444,13.380825,229.141000000003,0.108612037437472,0.102989567977018,0.60370771231332,0.0448642528833268,0.0310424117915963,0.664451469586054,1.45936769052892,0.553605645659997,1.92657180432487,"low_heterogeneous_exposure",0.05,0.05,0.0101723614757508,0.153447287539338,209.465555555556,0,10.2788888888889,0.147777777777778,9251,144,604.23034726049,28.5217794138887,0.0472034871191146,0.823174305631986,0.72552565271401,0.761025699142162,1.37333333333333,0.36,22.05,0.05,0.94196113623889,3,9.02884110182158,0.0248010855930132,1.37333333333333,0.36,412,3,26.5035824309418,0.0420351065397242,7.41333333333333,0.0333333333333333,2224,3,50.0329147089028,0.0831638078672626,22.05,0.05,6615,0.205289695686358,0.187453559893234,0.511862187640347,0.0944735655769685,0.0888891944431312,0.66714627038033,0.116058709748981,0.109857877374107,0.682236932104002,0.0734873936540326,0.0470002808011637,0.994675820569277,0.0388368642893835,0.0373026339184275,0.965943397885863,0.0315843234280218,0.0285321121939605,0.999994089879409,0,0,0,0,0.05,0.05,"stable",TRUE,TRUE,NA,NA,NA,NA,NA,NA,NA,NA,NA,NA,NA,NA,NA,NA,NA,NA,NA,NA,NA,NA,NA,NA,NA,NA,NA,NA,NA,NA,NA,NA,NA,NA,NA,NA,NA,NA,NA,NA,NA,NA,NA,NA,NA,NA,NA,NA,NA,NA,NA,NA,NA,NA,NA,NA,NA,NA,NA,NA,NA,NA,NA,NA,NA
NA,"S4B_LOW_HETEROGENEOUS_EXPOSURE_FIXED_GAMMA_CONTINUOUS_X2_T100","low_exposure",100,9,9.13888888888889,NA,0.187777777777778,8225,103,"continuous_time",0.5,0.8,NA,NA,NA,NA,NA,NA,NA,NA,NA,NA,NA,NA,NA,0.51553310740229,NA,2.20549534575597,NA,NA,NA,NA,NA,TRUE,0.8,0,-1.80318428787068,0.0292069325932944,-1.86189542687444,-1.80287786842441,-1.74733365504711,-0.00593235089765787,NA,0.51010283508029,0.0211143502442337,0.468088760509288,0.509948124483438,0.552132640669603,0.0101028350802905,NA,-0.405938870249944,0.0183284855145347,-0.442985078836836,-0.406050363095976,-0.36971783280963,-0.00593887024994433,NA,15.5393076289876,NA,NA,NA,NA,0.539307628987624,NA,NA,NA,NA,NA,NA,NA,NA,NA,0.213016560903524,0.194000562634605,0.600934179082052,0.158447123558426,0.981111111111111,0.981111111111111,NA,NA,NA,NA,NA,NA,NA,NA,NA,NA,NA,NA,NA,NA,NA,NA,NA,NA,"S4B","Low/heterogeneous exposure",8,TRUE,TRUE,FALSE,0.8,0.8,0.8,0.8,0,1,NA,NA,-1.79725193697302,1,0.5,1,-0.4,1,0.0828398221701725,0.996935937045524,-2.83723661848651e-16,15,6.12423577079154,13.7540956484837,34.9523641780908,0.34456337627565,-1762.745500541,-1941.09641652985,0.270725,0.304466666666667,13.2715,228.765000000014,0.128523794438744,0.12020695223131,0.583740372224153,0.0489154661591539,0.0324242764267001,0.51553310740229,2.20549534575597,0.265363554020998,2.23348606991504,"low_heterogeneous_exposure",0.05,0.05,0.00768480652769944,0.161155955712165,185.816666666667,0,9.13888888888889,0.187777777777778,8225,103,621.89731636801,29.0584015016246,0.0467254010217166,0.801431177341371,0.823792077870926,0.866777473600976,1.34,0.43,14.6133333333333,0.123333333333333,0.75512265861266,3,7.72914039840881,0.0120611647307552,1.34,0.43,402,3,24.7146137185692,0.0465435814207548,11.4633333333333,0.01,3439,3,54.7314503878957,0.09139525384849,14.6133333333333,0.123333333333333,4384,0.322706079736342,0.281658917240777,0.676976856562455,0.0716354735362164,0.0709146790826411,0.558689306990439,0.16388200233686,0.155012453893742,0.651450534755379,0.115308697772119,0.0993920547737004,0.997789419414084,0.0342545162753931,0.0275947584884456,0.998000671412612,0.0782166270328392,0.0627520952888992,0.999734303835534,0,0,0,0,0.05,0.05,"stable",TRUE,TRUE,NA,NA,NA,NA,NA,NA,NA,NA,NA,NA,NA,NA,NA,NA,NA,NA,NA,NA,NA,NA,NA,NA,NA,NA,NA,NA,NA,NA,NA,NA,NA,NA,NA,NA,NA,NA,NA,NA,NA,NA,NA,NA,NA,NA,NA,NA,NA,NA,NA,NA,NA,NA,NA,NA,NA,NA,NA,NA,NA,NA,NA,NA,NA
NA,"S4B_LOW_HETEROGENEOUS_EXPOSURE_FIXED_GAMMA_CONTINUOUS_X2_T100","low_exposure",100,9,9.35888888888889,NA,0.113333333333333,8423,132,"continuous_time",0.5,0.8,NA,NA,NA,NA,NA,NA,NA,NA,NA,NA,NA,NA,NA,0.731822629805188,NA,1.31998233744889,NA,NA,NA,NA,NA,TRUE,0.8,0,-1.67154387020844,0.0236443762300225,-1.71914224784918,-1.67151544152205,-1.62593749007808,-0.0698773404157329,NA,0.501952212645053,0.0189406696656006,0.465328608657059,0.501786395079586,0.538309518444048,0.00195221264505296,NA,-0.406954001163056,0.0185443817665918,-0.44323750299903,-0.406867354420354,-0.369491616746158,-0.00695400116305561,NA,17.866569022683,NA,NA,NA,NA,2.86656902268305,NA,NA,NA,NA,NA,NA,NA,NA,NA,0.157983874496837,0.139598062418166,0.55017227936192,0.0733115437230011,1,1,NA,NA,NA,NA,NA,NA,NA,NA,NA,NA,NA,NA,NA,NA,NA,NA,NA,NA,"S4B","Low/heterogeneous exposure",9,TRUE,TRUE,FALSE,0.8,0.8,0.8,0.8,0,1,NA,NA,-1.60166652979271,0,0.5,1,-0.4,1,0.14729474397943,0.93358083442127,4.93432455388958e-17,15,7.45540777319683,16.090618812131,38.3432845534056,1.81882318659935,-1908.12635527789,-2088.06258093974,0.2611,0.306722222222222,13.415925,229.402000000002,0.102277132708639,0.0965311572655282,0.521655743428875,0.0377129751697085,0.0264925591920934,0.731822629805188,1.31998233744889,0.44098838056068,2.31481229736689,"low_heterogeneous_exposure",0.05,0.05,0.00632711256741554,0.159926382743262,194.292222222222,0,9.35888888888889,0.113333333333333,8423,132,712.142365341312,36.2165269144187,0.0508557399152359,0.872755737430909,0.738410853188437,0.776454130335162,2.13,0.3,16.7233333333333,0.0166666666666667,0.947691167130982,3,10.8526205113792,0.0248909590482418,2.13,0.3,639,3,27.4482250374779,0.0334914932285527,9.22333333333333,0.0233333333333333,2767,3,70.3487351943989,0.0916175477232055,16.7233333333333,0.0166666666666667,5017,0.244633382300583,0.210141971305578,0.57205323571273,0.095564681037788,0.0908079486829911,0.659703072263926,0.0768024335904781,0.075267221619939,0.335451298520415,0.231030327910926,0.158410894372528,0.806693488111724,0.0388627795118059,0.0365168129310293,0.999996763351396,0.101004439337508,0.0924523850505815,0.999870584022475,0,0,0,0,0.05,0.05,"stable",TRUE,TRUE,NA,NA,NA,NA,NA,NA,NA,NA,NA,NA,NA,NA,NA,NA,NA,NA,NA,NA,NA,NA,NA,NA,NA,NA,NA,NA,NA,NA,NA,NA,NA,NA,NA,NA,NA,NA,NA,NA,NA,NA,NA,NA,NA,NA,NA,NA,NA,NA,NA,NA,NA,NA,NA,NA,NA,NA,NA,NA,NA,NA,NA,NA,NA
NA,"S4B_LOW_HETEROGENEOUS_EXPOSURE_FIXED_GAMMA_CONTINUOUS_X2_T100","low_exposure",100,9,8.46777777777778,NA,0.0844444444444444,7621,123,"continuous_time",0.5,0.8,NA,NA,NA,NA,NA,NA,NA,NA,NA,NA,NA,NA,NA,0.672952675047904,NA,1.70989759174562,NA,NA,NA,NA,NA,TRUE,0.8,0,-1.62525517727714,0.0194453976787279,-1.66393093500814,-1.62519003776131,-1.5868381862397,-0.0164666981481807,NA,0.519136607449728,0.0207037695737158,0.478644626047076,0.519288715123137,0.56059659126882,0.0191366074497276,NA,-0.416160694229496,0.0182289552298378,-0.451171378485713,-0.416111992505452,-0.379476642725053,-0.0161606942294955,NA,20.6526908263868,NA,NA,NA,NA,5.6526908263868,NA,NA,NA,NA,NA,NA,NA,NA,NA,0.12222193957074,0.117121901845162,0.661966624262715,0.0568685501971657,0.996666666666667,0.996666666666667,NA,NA,NA,NA,NA,NA,NA,NA,NA,NA,NA,NA,NA,NA,NA,NA,NA,NA,"S4B","Low/heterogeneous exposure",10,TRUE,TRUE,FALSE,0.8,0.8,0.8,0.8,0,1,NA,NA,-1.60878847912896,1,0.5,1,-0.4,1,0.0500222058332539,0.997292865888758,2.77555756156289e-17,15,8.48298854483923,18.6974939237758,44.1414742449814,0.652565008216885,-1956.07896092044,-2103.27544704424,0.266375,0.308675,13.454875,235.526000000013,0.09366660629862,0.0925359520898636,0.661875444257458,0.0317668910488771,0.0230266132740543,0.672952675047904,1.70989759174562,0.613278545288331,1.74366919669175,"low_heterogeneous_exposure",0.05,0.05,0.00666675137998557,0.170395813810162,213.9,0,8.46777777777778,0.0844444444444444,7621,123,763.063890650379,31.8983983592448,0.0418030505047972,0.657284125303518,0.797170253369776,0.837904561427969,3.45,0.17,13.67,0.04,0.689422620816237,3,13.5499803567978,0.0210851741349249,3.45,0.17,1035,3,24.4972296273136,0.0414494189226492,8.28333333333333,0.0433333333333333,2485,3,57.6479850936231,0.0874654069424259,13.67,0.04,4101,0.141417186928539,0.135268872110697,0.494909800309647,0.110695087516654,0.105594137158253,0.536068069837324,0.112082043067565,0.10940971049069,0.823796758654442,0.0623836046891767,0.0605508243171802,0.999506631355609,0.0453824750117188,0.0446542806297668,0.994740062072556,0.0394383069751798,0.0330725112425399,0.99962832225962,0,0,0,0,0.05,0.05,"stable",TRUE,TRUE,NA,NA,NA,NA,NA,NA,NA,NA,NA,NA,NA,NA,NA,NA,NA,NA,NA,NA,NA,NA,NA,NA,NA,NA,NA,NA,NA,NA,NA,NA,NA,NA,NA,NA,NA,NA,NA,NA,NA,NA,NA,NA,NA,NA,NA,NA,NA,NA,NA,NA,NA,NA,NA,NA,NA,NA,NA,NA,NA,NA,NA,NA,NA
NA,"S4C_STRONG_OVERDISPERSION_FIXED_GAMMA_CONTINUOUS_X2_T100",NA,NA,NA,151.033333333333,NA,0.02,NA,2182,"continuous_time",0.5,0.8,NA,1,0.500702401548939,NA,0,NA,NA,NA,NA,NA,NA,NA,NA,NA,NA,NA,NA,NA,NA,NA,NA,NA,NA,NA,-2.15016768994941,NA,NA,NA,NA,NA,NA,0.496387977541734,NA,NA,NA,NA,NA,NA,-0.383917553139783,NA,NA,NA,NA,NA,NA,3.43533864247257,NA,NA,NA,NA,NA,NA,NA,NA,NA,NA,NA,NA,NA,NA,0.111402457218324,0.118135941187548,0.832006424103131,NA,NA,NA,NA,NA,NA,NA,NA,NA,NA,NA,NA,NA,NA,NA,NA,NA,NA,NA,NA,NA,"S4C","Strong overdispersion",1,NA,NA,NA,NA,NA,NA,NA,NA,NA,NA,NA,NA,NA,NA,NA,NA,NA,0.0398505980713083,0.999653040214496,NA,NA,NA,NA,NA,NA,NA,NA,NA,NA,NA,NA,NA,NA,NA,NA,NA,NA,NA,NA,NA,NA,NA,NA,NA,NA,NA,NA,NA,NA,135930,NA,NA,NA,NA,NA,NA,NA,NA,NA,NA,NA,NA,NA,NA,NA,NA,NA,NA,NA,NA,NA,NA,NA,NA,NA,NA,NA,NA,NA,NA,NA,NA,NA,NA,NA,NA,NA,NA,NA,NA,NA,NA,NA,NA,NA,NA,NA,NA,NA,NA,NA,NA,NA,NA,"stable",NA,NA,1.38345400944299,1.0742851698924,0.309168839550592,289.069492599369,175.429165114287,113.640327485082,0.593185688707907,0.258947395826071,0.334238292881836,3,0.552089183440613,0.219303044523332,0.252683152891114,0.925499642718324,0,0,0,0,NA,NA,NA,NA,NA,NA,NA,NA,NA,NA,NA,NA,NA,NA,NA,NA,NA,NA,NA,NA,NA,NA,NA,NA,NA,NA,NA,NA,NA,NA,NA,NA,NA,NA,NA,NA,NA,NA,NA,NA,NA,NA,NA,NA,NA
NA,"S4C_STRONG_OVERDISPERSION_FIXED_GAMMA_CONTINUOUS_X2_T100",NA,NA,NA,226.344444444444,NA,0,NA,3027,"continuous_time",0.5,0.8,NA,1,0.471020565051243,NA,0,NA,NA,NA,NA,NA,NA,NA,NA,NA,NA,NA,NA,NA,NA,NA,NA,NA,NA,NA,-1.40656256629738,NA,NA,NA,NA,NA,NA,0.508724549703962,NA,NA,NA,NA,NA,NA,-0.399466544562962,NA,NA,NA,NA,NA,NA,3.12967511810985,NA,NA,NA,NA,NA,NA,NA,NA,NA,NA,NA,NA,NA,NA,0.0583661150283944,0.0585226147716268,0.578672603749777,NA,NA,NA,NA,NA,NA,NA,NA,NA,NA,NA,NA,NA,NA,NA,NA,NA,NA,NA,NA,NA,"S4C","Strong overdispersion",2,NA,NA,NA,NA,NA,NA,NA,NA,NA,NA,NA,NA,NA,NA,NA,NA,NA,0.0334124940155,0.994214913118892,NA,NA,NA,NA,NA,NA,NA,NA,NA,NA,NA,NA,NA,NA,NA,NA,NA,NA,NA,NA,NA,NA,NA,NA,NA,NA,NA,NA,NA,NA,203710,NA,NA,NA,NA,NA,NA,NA,NA,NA,NA,NA,NA,NA,NA,NA,NA,NA,NA,NA,NA,NA,NA,NA,NA,NA,NA,NA,NA,NA,NA,NA,NA,NA,NA,NA,NA,NA,NA,NA,NA,NA,NA,NA,NA,NA,NA,NA,NA,NA,NA,NA,NA,NA,NA,"stable",NA,NA,1.21407694425013,0.937932975469486,0.276143968780642,333.627823998313,200.626592922361,133.001231075952,0.561834006096334,0.256034194875787,0.305799811220547,3,0.550210372851949,0.119149203359472,0.128546206890891,0.980087799816977,0,0,0,0,NA,NA,NA,NA,NA,NA,NA,NA,NA,NA,NA,NA,NA,NA,NA,NA,NA,NA,NA,NA,NA,NA,NA,NA,NA,NA,NA,NA,NA,NA,NA,NA,NA,NA,NA,NA,NA,NA,NA,NA,NA,NA,NA,NA,NA
NA,"S4C_STRONG_OVERDISPERSION_FIXED_GAMMA_CONTINUOUS_X2_T100",NA,NA,NA,218.282222222222,NA,0,NA,1643,"continuous_time",0.5,0.8,NA,1,0.451410892465294,NA,0,NA,NA,NA,NA,NA,NA,NA,NA,NA,NA,NA,NA,NA,NA,NA,NA,NA,NA,NA,-1.43152892930564,NA,NA,NA,NA,NA,NA,0.492591901510162,NA,NA,NA,NA,NA,NA,-0.401960050680796,NA,NA,NA,NA,NA,NA,3.31754226488354,NA,NA,NA,NA,NA,NA,NA,NA,NA,NA,NA,NA,NA,NA,0.0525330000061346,0.052669480218783,0.620837890171793,NA,NA,NA,NA,NA,NA,NA,NA,NA,NA,NA,NA,NA,NA,NA,NA,NA,NA,NA,NA,NA,"S4C","Strong overdispersion",3,NA,NA,NA,NA,NA,NA,NA,NA,NA,NA,NA,NA,NA,NA,NA,NA,NA,0.064324303935699,0.974553914892382,NA,NA,NA,NA,NA,NA,NA,NA,NA,NA,NA,NA,NA,NA,NA,NA,NA,NA,NA,NA,NA,NA,NA,NA,NA,NA,NA,NA,NA,NA,196454,NA,NA,NA,NA,NA,NA,NA,NA,NA,NA,NA,NA,NA,NA,NA,NA,NA,NA,NA,NA,NA,NA,NA,NA,NA,NA,NA,NA,NA,NA,NA,NA,NA,NA,NA,NA,NA,NA,NA,NA,NA,NA,NA,NA,NA,NA,NA,NA,NA,NA,NA,NA,NA,NA,"stable",NA,NA,1.01699750224005,0.852255586798895,0.164741915441159,225.765792370815,152.19961782103,73.5661745497844,0.57147030228633,0.256230128680154,0.315240173606176,3,0.550128064202011,0.138328217534599,0.139985426647588,0.974534222271402,0,0,0,0,NA,NA,NA,NA,NA,NA,NA,NA,NA,NA,NA,NA,NA,NA,NA,NA,NA,NA,NA,NA,NA,NA,NA,NA,NA,NA,NA,NA,NA,NA,NA,NA,NA,NA,NA,NA,NA,NA,NA,NA,NA,NA,NA,NA,NA
NA,"S4C_STRONG_OVERDISPERSION_FIXED_GAMMA_CONTINUOUS_X2_T100",NA,NA,NA,132.796666666667,NA,0.0177777777777778,NA,2233,"continuous_time",0.5,0.8,NA,1,0.478792173148008,NA,0,NA,NA,NA,NA,NA,NA,NA,NA,NA,NA,NA,NA,NA,NA,NA,NA,NA,NA,NA,-2.02710786964097,NA,NA,NA,NA,NA,NA,0.501591954058597,NA,NA,NA,NA,NA,NA,-0.424118913902868,NA,NA,NA,NA,NA,NA,3.21278606039097,NA,NA,NA,NA,NA,NA,NA,NA,NA,NA,NA,NA,NA,NA,0.0911252678943015,0.0950996256437229,0.891503107227089,NA,NA,NA,NA,NA,NA,NA,NA,NA,NA,NA,NA,NA,NA,NA,NA,NA,NA,NA,NA,NA,"S4C","Strong overdispersion",4,NA,NA,NA,NA,NA,NA,NA,NA,NA,NA,NA,NA,NA,NA,NA,NA,NA,0.0550959354348271,0.998538291071345,NA,NA,NA,NA,NA,NA,NA,NA,NA,NA,NA,NA,NA,NA,NA,NA,NA,NA,NA,NA,NA,NA,NA,NA,NA,NA,NA,NA,NA,NA,119517,NA,NA,NA,NA,NA,NA,NA,NA,NA,NA,NA,NA,NA,NA,NA,NA,NA,NA,NA,NA,NA,NA,NA,NA,NA,NA,NA,NA,NA,NA,NA,NA,NA,NA,NA,NA,NA,NA,NA,NA,NA,NA,NA,NA,NA,NA,NA,NA,NA,NA,NA,NA,NA,NA,"stable",NA,NA,1.18650955333716,0.942185474841353,0.244324078495808,186.951800714227,119.982366122015,66.9694345922118,0.576570042937448,0.259215559967755,0.317354482969693,3,0.545871901772114,0.195675466767938,0.217200217457692,0.938483666531456,0,0,0,0,NA,NA,NA,NA,NA,NA,NA,NA,NA,NA,NA,NA,NA,NA,NA,NA,NA,NA,NA,NA,NA,NA,NA,NA,NA,NA,NA,NA,NA,NA,NA,NA,NA,NA,NA,NA,NA,NA,NA,NA,NA,NA,NA,NA,NA
NA,"S4C_STRONG_OVERDISPERSION_FIXED_GAMMA_CONTINUOUS_X2_T100",NA,NA,NA,297.7,NA,0,NA,3551,"continuous_time",0.5,0.8,NA,1,0.491010886099061,NA,0,NA,NA,NA,NA,NA,NA,NA,NA,NA,NA,NA,NA,NA,NA,NA,NA,NA,NA,NA,-1.57555762757685,NA,NA,NA,NA,NA,NA,0.490644519618602,NA,NA,NA,NA,NA,NA,-0.434747428379956,NA,NA,NA,NA,NA,NA,3.21518867975912,NA,NA,NA,NA,NA,NA,NA,NA,NA,NA,NA,NA,NA,NA,0.0624440100398487,0.063512706443366,0.249814720903183,NA,NA,NA,NA,NA,NA,NA,NA,NA,NA,NA,NA,NA,NA,NA,NA,NA,NA,NA,NA,NA,"S4C","Strong overdispersion",5,NA,NA,NA,NA,NA,NA,NA,NA,NA,NA,NA,NA,NA,NA,NA,NA,NA,0.0510550610046551,0.995075920827223,NA,NA,NA,NA,NA,NA,NA,NA,NA,NA,NA,NA,NA,NA,NA,NA,NA,NA,NA,NA,NA,NA,NA,NA,NA,NA,NA,NA,NA,NA,267930,NA,NA,NA,NA,NA,NA,NA,NA,NA,NA,NA,NA,NA,NA,NA,NA,NA,NA,NA,NA,NA,NA,NA,NA,NA,NA,NA,NA,NA,NA,NA,NA,NA,NA,NA,NA,NA,NA,NA,NA,NA,NA,NA,NA,NA,NA,NA,NA,NA,NA,NA,NA,NA,NA,"stable",NA,NA,1.4621049023105,1.31293263219881,0.149172270111688,636.408396893795,519.575837162296,116.832559731499,0.567865730850437,0.252775616666037,0.315090114184399,3,0.548396542762853,0.127127385051076,0.137976594936852,0.975593888092418,0,0,0,0,NA,NA,NA,NA,NA,NA,NA,NA,NA,NA,NA,NA,NA,NA,NA,NA,NA,NA,NA,NA,NA,NA,NA,NA,NA,NA,NA,NA,NA,NA,NA,NA,NA,NA,NA,NA,NA,NA,NA,NA,NA,NA,NA,NA,NA
NA,"S4C_STRONG_OVERDISPERSION_FIXED_GAMMA_CONTINUOUS_X2_T100",NA,NA,NA,218.482222222222,NA,0.00111111111111111,NA,1976,"continuous_time",0.5,0.8,NA,1,0.509936183848334,NA,0,NA,NA,NA,NA,NA,NA,NA,NA,NA,NA,NA,NA,NA,NA,NA,NA,NA,NA,NA,-1.61164061416712,NA,NA,NA,NA,NA,NA,0.497586246525139,NA,NA,NA,NA,NA,NA,-0.385220706694889,NA,NA,NA,NA,NA,NA,3.16689162682779,NA,NA,NA,NA,NA,NA,NA,NA,NA,NA,NA,NA,NA,NA,0.0764998774747094,0.077077769918672,0.59699608835293,NA,NA,NA,NA,NA,NA,NA,NA,NA,NA,NA,NA,NA,NA,NA,NA,NA,NA,NA,NA,NA,"S4C","Strong overdispersion",6,NA,NA,NA,NA,NA,NA,NA,NA,NA,NA,NA,NA,NA,NA,NA,NA,NA,0.0552407473130324,0.998019717419144,NA,NA,NA,NA,NA,NA,NA,NA,NA,NA,NA,NA,NA,NA,NA,NA,NA,NA,NA,NA,NA,NA,NA,NA,NA,NA,NA,NA,NA,NA,196634,NA,NA,NA,NA,NA,NA,NA,NA,NA,NA,NA,NA,NA,NA,NA,NA,NA,NA,NA,NA,NA,NA,NA,NA,NA,NA,NA,NA,NA,NA,NA,NA,NA,NA,NA,NA,NA,NA,NA,NA,NA,NA,NA,NA,NA,NA,NA,NA,NA,NA,NA,NA,NA,NA,"stable",NA,NA,1.11748095057816,0.99466651154006,0.122814439038104,272.83266272365,208.809135232371,64.0235274912793,0.585163215941234,0.261590752730952,0.323572463210282,3,0.564384737955095,0.143212362117783,0.156310158259655,0.967555138650125,0,0,0,0,NA,NA,NA,NA,NA,NA,NA,NA,NA,NA,NA,NA,NA,NA,NA,NA,NA,NA,NA,NA,NA,NA,NA,NA,NA,NA,NA,NA,NA,NA,NA,NA,NA,NA,NA,NA,NA,NA,NA,NA,NA,NA,NA,NA,NA
NA,"S4C_STRONG_OVERDISPERSION_FIXED_GAMMA_CONTINUOUS_X2_T100",NA,NA,NA,203.063333333333,NA,0.00111111111111111,NA,3268,"continuous_time",0.5,0.8,NA,1,0.433517572431339,NA,0,NA,NA,NA,NA,NA,NA,NA,NA,NA,NA,NA,NA,NA,NA,NA,NA,NA,NA,NA,-1.6906079601591,NA,NA,NA,NA,NA,NA,0.497779683882041,NA,NA,NA,NA,NA,NA,-0.410139316794215,NA,NA,NA,NA,NA,NA,3.20979563282833,NA,NA,NA,NA,NA,NA,NA,NA,NA,NA,NA,NA,NA,NA,0.0766863980748448,0.0775383478807086,0.752891082682344,NA,NA,NA,NA,NA,NA,NA,NA,NA,NA,NA,NA,NA,NA,NA,NA,NA,NA,NA,NA,NA,"S4C","Strong overdispersion",7,NA,NA,NA,NA,NA,NA,NA,NA,NA,NA,NA,NA,NA,NA,NA,NA,NA,0.0442345183795788,0.998413092315911,NA,NA,NA,NA,NA,NA,NA,NA,NA,NA,NA,NA,NA,NA,NA,NA,NA,NA,NA,NA,NA,NA,NA,NA,NA,NA,NA,NA,NA,NA,182757,NA,NA,NA,NA,NA,NA,NA,NA,NA,NA,NA,NA,NA,NA,NA,NA,NA,NA,NA,NA,NA,NA,NA,NA,NA,NA,NA,NA,NA,NA,NA,NA,NA,NA,NA,NA,NA,NA,NA,NA,NA,NA,NA,NA,NA,NA,NA,NA,NA,NA,NA,NA,NA,NA,"stable",NA,NA,1.50114667837209,1.34949364628374,0.151653032088355,457.591311999642,381.464656817019,76.1266551826239,0.564157339244969,0.252604339666327,0.311552999578642,3,0.537355192047103,0.163732974139892,0.197241993281569,0.954493141207878,0,0,0,0,NA,NA,NA,NA,NA,NA,NA,NA,NA,NA,NA,NA,NA,NA,NA,NA,NA,NA,NA,NA,NA,NA,NA,NA,NA,NA,NA,NA,NA,NA,NA,NA,NA,NA,NA,NA,NA,NA,NA,NA,NA,NA,NA,NA,NA
NA,"S4C_STRONG_OVERDISPERSION_FIXED_GAMMA_CONTINUOUS_X2_T100",NA,NA,NA,179.492222222222,NA,0.00222222222222222,NA,4502,"continuous_time",0.5,0.8,NA,1,0.485235053854419,NA,0,NA,NA,NA,NA,NA,NA,NA,NA,NA,NA,NA,NA,NA,NA,NA,NA,NA,NA,NA,-1.79245324398378,NA,NA,NA,NA,NA,NA,0.441610186089699,NA,NA,NA,NA,NA,NA,-0.400615720954519,NA,NA,NA,NA,NA,NA,3.30493129574309,NA,NA,NA,NA,NA,NA,NA,NA,NA,NA,NA,NA,NA,NA,0.0797368700437318,0.0717418530215609,0.904360579784576,NA,NA,NA,NA,NA,NA,NA,NA,NA,NA,NA,NA,NA,NA,NA,NA,NA,NA,NA,NA,NA,"S4C","Strong overdispersion",8,NA,NA,NA,NA,NA,NA,NA,NA,NA,NA,NA,NA,NA,NA,NA,NA,NA,0.0736294046984851,0.997324789001577,NA,NA,NA,NA,NA,NA,NA,NA,NA,NA,NA,NA,NA,NA,NA,NA,NA,NA,NA,NA,NA,NA,NA,NA,NA,NA,NA,NA,NA,NA,161543,NA,NA,NA,NA,NA,NA,NA,NA,NA,NA,NA,NA,NA,NA,NA,NA,NA,NA,NA,NA,NA,NA,NA,NA,NA,NA,NA,NA,NA,NA,NA,NA,NA,NA,NA,NA,NA,NA,NA,NA,NA,NA,NA,NA,NA,NA,NA,NA,NA,NA,NA,NA,NA,NA,"stable",NA,NA,1.64534810584346,1.33418083226871,0.311167273574743,485.91602912808,330.760819343525,155.155209784555,0.568342752347621,0.261538288927094,0.306804463420527,3,0.543785531168769,0.196016331037491,0.204703919327345,0.942795489466933,0,0,0,0,NA,NA,NA,NA,NA,NA,NA,NA,NA,NA,NA,NA,NA,NA,NA,NA,NA,NA,NA,NA,NA,NA,NA,NA,NA,NA,NA,NA,NA,NA,NA,NA,NA,NA,NA,NA,NA,NA,NA,NA,NA,NA,NA,NA,NA
NA,"S4C_STRONG_OVERDISPERSION_FIXED_GAMMA_CONTINUOUS_X2_T100",NA,NA,NA,195.578888888889,NA,0,NA,2579,"continuous_time",0.5,0.8,NA,1,0.466240347271394,NA,0,NA,NA,NA,NA,NA,NA,NA,NA,NA,NA,NA,NA,NA,NA,NA,NA,NA,NA,NA,-1.59808713688418,NA,NA,NA,NA,NA,NA,0.491391051494443,NA,NA,NA,NA,NA,NA,-0.393469510903644,NA,NA,NA,NA,NA,NA,2.88701044358133,NA,NA,NA,NA,NA,NA,NA,NA,NA,NA,NA,NA,NA,NA,0.0608703967526931,0.0597927172163207,0.639964465369799,NA,NA,NA,NA,NA,NA,NA,NA,NA,NA,NA,NA,NA,NA,NA,NA,NA,NA,NA,NA,NA,"S4C","Strong overdispersion",9,NA,NA,NA,NA,NA,NA,NA,NA,NA,NA,NA,NA,NA,NA,NA,NA,NA,0.0553224934910652,0.985939838537547,NA,NA,NA,NA,NA,NA,NA,NA,NA,NA,NA,NA,NA,NA,NA,NA,NA,NA,NA,NA,NA,NA,NA,NA,NA,NA,NA,NA,NA,NA,176021,NA,NA,NA,NA,NA,NA,NA,NA,NA,NA,NA,NA,NA,NA,NA,NA,NA,NA,NA,NA,NA,NA,NA,NA,NA,NA,NA,NA,NA,NA,NA,NA,NA,NA,NA,NA,NA,NA,NA,NA,NA,NA,NA,NA,NA,NA,NA,NA,NA,NA,NA,NA,NA,NA,"stable",NA,NA,1.24670997455127,0.981189950781464,0.265520023769808,303.985482082894,187.051673772744,116.93380831015,0.595184006865941,0.262406418227967,0.332777588637973,3,0.58248747754158,0.128673050934079,0.139791315070985,0.976336765388301,0,0,0,0,NA,NA,NA,NA,NA,NA,NA,NA,NA,NA,NA,NA,NA,NA,NA,NA,NA,NA,NA,NA,NA,NA,NA,NA,NA,NA,NA,NA,NA,NA,NA,NA,NA,NA,NA,NA,NA,NA,NA,NA,NA,NA,NA,NA,NA
NA,"S4C_STRONG_OVERDISPERSION_FIXED_GAMMA_CONTINUOUS_X2_T100",NA,NA,NA,215.378888888889,NA,0.00111111111111111,NA,2937,"continuous_time",0.5,0.8,NA,1,0.488604066010629,NA,0,NA,NA,NA,NA,NA,NA,NA,NA,NA,NA,NA,NA,NA,NA,NA,NA,NA,NA,NA,-1.60871841359593,NA,NA,NA,NA,NA,NA,0.528550716640447,NA,NA,NA,NA,NA,NA,-0.417305104835192,NA,NA,NA,NA,NA,NA,3.06203561302625,NA,NA,NA,NA,NA,NA,NA,NA,NA,NA,NA,NA,NA,NA,0.0737191714636926,0.0713928763703383,0.79645850683608,NA,NA,NA,NA,NA,NA,NA,NA,NA,NA,NA,NA,NA,NA,NA,NA,NA,NA,NA,NA,NA,"S4C","Strong overdispersion",10,NA,NA,NA,NA,NA,NA,NA,NA,NA,NA,NA,NA,NA,NA,NA,NA,NA,0.0276548673041748,0.999048780216618,NA,NA,NA,NA,NA,NA,NA,NA,NA,NA,NA,NA,NA,NA,NA,NA,NA,NA,NA,NA,NA,NA,NA,NA,NA,NA,NA,NA,NA,NA,193841,NA,NA,NA,NA,NA,NA,NA,NA,NA,NA,NA,NA,NA,NA,NA,NA,NA,NA,NA,NA,NA,NA,NA,NA,NA,NA,NA,NA,NA,NA,NA,NA,NA,NA,NA,NA,NA,NA,NA,NA,NA,NA,NA,NA,NA,NA,NA,NA,NA,NA,NA,NA,NA,NA,"stable",NA,NA,1.26168179230683,1.1156490964437,0.146032695863125,342.848934030246,266.235534678029,76.6133993522171,0.555135387832386,0.253628306318283,0.301507081514104,3,0.53938108349823,0.129559633808818,0.137159717945862,0.976753406845739,0,0,0,0,NA,NA,NA,NA,NA,NA,NA,NA,NA,NA,NA,NA,NA,NA,NA,NA,NA,NA,NA,NA,NA,NA,NA,NA,NA,NA,NA,NA,NA,NA,NA,NA,NA,NA,NA,NA,NA,NA,NA,NA,NA,NA,NA,NA,NA
NA,"S4D_SHORT_TIME_FIXED_GAMMA_T30_CONTINUOUS_X2",NA,NA,NA,NA,NA,NA,NA,NA,NA,NA,NA,NA,NA,NA,NA,NA,NA,NA,NA,NA,NA,NA,NA,NA,NA,NA,NA,NA,NA,NA,NA,NA,NA,NA,NA,NA,NA,NA,NA,NA,NA,NA,NA,NA,NA,NA,NA,NA,NA,NA,NA,NA,NA,NA,NA,NA,NA,NA,NA,NA,NA,NA,NA,NA,NA,NA,NA,NA,NA,NA,NA,NA,NA,NA,NA,NA,NA,NA,NA,NA,NA,NA,NA,NA,NA,NA,NA,NA,NA,NA,NA,NA,NA,NA,NA,"S4D","Short time series",NA,NA,NA,NA,NA,NA,NA,NA,NA,NA,NA,NA,NA,NA,NA,NA,NA,NA,NA,NA,NA,NA,NA,NA,NA,NA,NA,NA,NA,NA,NA,NA,NA,NA,NA,NA,NA,NA,NA,NA,NA,NA,NA,NA,NA,NA,NA,NA,NA,NA,NA,NA,NA,NA,NA,NA,NA,NA,NA,NA,NA,NA,NA,NA,NA,NA,NA,NA,NA,NA,NA,NA,NA,NA,NA,NA,NA,NA,NA,NA,NA,NA,NA,NA,NA,NA,NA,NA,NA,NA,NA,NA,NA,NA,NA,NA,NA,NA,NA,NA,NA,NA,NA,NA,NA,NA,NA,NA,NA,NA,NA,NA,NA,NA,NA,NA,NA,NA,NA,NA,NA,NA,NA,NA,NA,NA,10,10,0,0,1,0,30,100,0.3,270,"continuous_time",0.966184752139171,0.587157969043721,0.422609404901966,202.167037037037,0.00481481481481481,0.506481273987264,-0.405494815691645,15.5349820347759,0.0534859836611806,0.53229865422034,0.230991767492247,0.121294405880205,0.88895981166949,0,0,0,0,"T = 30 reduces temporal replication without creating sparse counts or numerical instability; lambda RMSE remains low but path-shape correlations are weaker.",NA,NA,NA,NA,NA,NA,NA,NA,NA,NA,NA,NA,NA,NA,NA,NA
NA,"S4E_STRONG_SPATIAL_COVARIATE_CONFOUNDING_FIXED_GAMMA_CONTINUOUS_X2_T100",NA,NA,NA,151.833333333333,NA,0.00555555555555556,NA,1199,"continuous_time",0.5,0.8,NA,1,0.500702401548939,NA,0,NA,NA,-1.5,NA,NA,NA,NA,NA,NA,NA,NA,NA,NA,NA,NA,NA,NA,NA,NA,-1.99780409313584,NA,NA,NA,NA,NA,NA,0.495477657819795,NA,NA,NA,NA,NA,NA,-0.403029266488381,NA,NA,NA,NA,NA,NA,14.7987808281324,NA,NA,NA,NA,NA,NA,NA,NA,NA,NA,NA,NA,NA,NA,0.0903820783756154,0.0921049838596237,0.910612151901972,NA,NA,NA,NA,NA,NA,NA,NA,NA,NA,NA,NA,NA,NA,NA,NA,NA,NA,NA,NA,NA,"S4E","Spatial/covariate confounding",1,NA,NA,NA,NA,NA,NA,NA,NA,NA,NA,NA,NA,NA,NA,NA,NA,NA,0.0210689622492441,0.999901902495099,NA,NA,NA,NA,NA,NA,NA,NA,NA,NA,NA,NA,NA,NA,NA,NA,NA,NA,NA,NA,NA,NA,NA,NA,NA,NA,152.006666666666,NA,NA,NA,136650,NA,NA,NA,NA,NA,NA,NA,NA,NA,NA,NA,NA,NA,NA,NA,NA,NA,NA,NA,NA,NA,NA,NA,NA,NA,NA,NA,NA,NA,NA,NA,NA,NA,NA,NA,NA,NA,NA,NA,NA,NA,NA,NA,NA,NA,NA,NA,NA,NA,NA,NA,NA,NA,NA,"stable",NA,NA,NA,NA,NA,NA,NA,NA,0.258947395826071,NA,NA,NA,0.228019079931172,0.130452588597361,0.134468147153731,0.860507860883693,NA,NA,NA,NA,NA,NA,NA,NA,NA,NA,NA,NA,NA,NA,NA,NA,NA,NA,NA,NA,NA,NA,NA,NA,NA,NA,NA,NA,NA,NA,NA,NA,NA,0.75,1,TRUE,0.553568657398345,0.553568657398345,0.985984027960683,0.985984027960683,0.0434219057072446,0.360445427373734,-1.36120609062194,0.138793909378059,15,0,0,0,0
NA,"S4E_STRONG_SPATIAL_COVARIATE_CONFOUNDING_FIXED_GAMMA_CONTINUOUS_X2_T100",NA,NA,NA,226.99,NA,0,NA,1432,"continuous_time",0.5,0.8,NA,1,0.471020565051243,NA,0,NA,NA,-1.5,NA,NA,NA,NA,NA,NA,NA,NA,NA,NA,NA,NA,NA,NA,NA,NA,-1.33227818266057,NA,NA,NA,NA,NA,NA,0.496411702545565,NA,NA,NA,NA,NA,NA,-0.381788639214316,NA,NA,NA,NA,NA,NA,16.0297959567869,NA,NA,NA,NA,NA,NA,NA,NA,NA,NA,NA,NA,NA,NA,0.0434811874506825,0.0431449926333168,0.796967210506476,NA,NA,NA,NA,NA,NA,NA,NA,NA,NA,NA,NA,NA,NA,NA,NA,NA,NA,NA,NA,NA,"S4E","Spatial/covariate confounding",2,NA,NA,NA,NA,NA,NA,NA,NA,NA,NA,NA,NA,NA,NA,NA,NA,NA,0.0165306449733149,0.998539642292696,NA,NA,NA,NA,NA,NA,NA,NA,NA,NA,NA,NA,NA,NA,NA,NA,NA,NA,NA,NA,NA,NA,NA,NA,NA,NA,228.057777777778,NA,NA,NA,204291,NA,NA,NA,NA,NA,NA,NA,NA,NA,NA,NA,NA,NA,NA,NA,NA,NA,NA,NA,NA,NA,NA,NA,NA,NA,NA,NA,NA,NA,NA,NA,NA,NA,NA,NA,NA,NA,NA,NA,NA,NA,NA,NA,NA,NA,NA,NA,NA,NA,NA,NA,NA,NA,NA,"stable",NA,NA,NA,NA,NA,NA,NA,NA,0.256034194875787,NA,NA,NA,0.235619580875694,0.0886903073700817,0.0913420073403436,0.936309143181058,NA,NA,NA,NA,NA,NA,NA,NA,NA,NA,NA,NA,NA,NA,NA,NA,NA,NA,NA,NA,NA,NA,NA,NA,NA,NA,NA,NA,NA,NA,NA,NA,NA,0.75,1,TRUE,0.572433708044311,0.572433708044311,0.973158089356457,0.973158089356457,0.00939918314122524,0.0568414325394035,-1.44678094903446,0.0532190509655409,15,0,0,0,0
NA,"S4E_STRONG_SPATIAL_COVARIATE_CONFOUNDING_FIXED_GAMMA_CONTINUOUS_X2_T100",NA,NA,NA,210.185555555556,NA,0,NA,1170,"continuous_time",0.5,0.8,NA,1,0.451410892465294,NA,0,NA,NA,-1.5,NA,NA,NA,NA,NA,NA,NA,NA,NA,NA,NA,NA,NA,NA,NA,NA,-1.44024268814869,NA,NA,NA,NA,NA,NA,0.497522096457344,NA,NA,NA,NA,NA,NA,-0.396957096153937,NA,NA,NA,NA,NA,NA,15.6434476217247,NA,NA,NA,NA,NA,NA,NA,NA,NA,NA,NA,NA,NA,NA,0.0444390565321364,0.0440757236029167,0.758511669745248,NA,NA,NA,NA,NA,NA,NA,NA,NA,NA,NA,NA,NA,NA,NA,NA,NA,NA,NA,NA,NA,"S4E","Spatial/covariate confounding",3,NA,NA,NA,NA,NA,NA,NA,NA,NA,NA,NA,NA,NA,NA,NA,NA,NA,0.0251509884539507,0.996906627827577,NA,NA,NA,NA,NA,NA,NA,NA,NA,NA,NA,NA,NA,NA,NA,NA,NA,NA,NA,NA,NA,NA,NA,NA,NA,NA,209.543333333333,NA,NA,NA,189167,NA,NA,NA,NA,NA,NA,NA,NA,NA,NA,NA,NA,NA,NA,NA,NA,NA,NA,NA,NA,NA,NA,NA,NA,NA,NA,NA,NA,NA,NA,NA,NA,NA,NA,NA,NA,NA,NA,NA,NA,NA,NA,NA,NA,NA,NA,NA,NA,NA,NA,NA,NA,NA,NA,"stable",NA,NA,NA,NA,NA,NA,NA,NA,0.256230128680154,NA,NA,NA,0.235185140028519,0.0949562746441192,0.0949648000927552,0.93243217780211,NA,NA,NA,NA,NA,NA,NA,NA,NA,NA,NA,NA,NA,NA,NA,NA,NA,NA,NA,NA,NA,NA,NA,NA,NA,NA,NA,NA,NA,NA,NA,NA,NA,0.75,1,TRUE,0.621145935726548,0.621145935726548,0.956924409041409,0.956924409041409,0.0823916816811583,0.325111992461912,-1.47683856444488,0.0231614355551179,15,0,0,0,0
NA,"S4E_STRONG_SPATIAL_COVARIATE_CONFOUNDING_FIXED_GAMMA_CONTINUOUS_X2_T100",NA,NA,NA,135.288888888889,NA,0.00333333333333333,NA,1060,"continuous_time",0.5,0.8,NA,1,0.478792173148008,NA,0,NA,NA,-1.5,NA,NA,NA,NA,NA,NA,NA,NA,NA,NA,NA,NA,NA,NA,NA,NA,-1.88976474767785,NA,NA,NA,NA,NA,NA,0.49689589674815,NA,NA,NA,NA,NA,NA,-0.387317480125116,NA,NA,NA,NA,NA,NA,15.1847055649943,NA,NA,NA,NA,NA,NA,NA,NA,NA,NA,NA,NA,NA,NA,0.0763376955732804,0.0775266755887751,0.924315619890412,NA,NA,NA,NA,NA,NA,NA,NA,NA,NA,NA,NA,NA,NA,NA,NA,NA,NA,NA,NA,NA,"S4E","Spatial/covariate confounding",4,NA,NA,NA,NA,NA,NA,NA,NA,NA,NA,NA,NA,NA,NA,NA,NA,NA,0.0317953997819769,0.999524950626704,NA,NA,NA,NA,NA,NA,NA,NA,NA,NA,NA,NA,NA,NA,NA,NA,NA,NA,NA,NA,NA,NA,NA,NA,NA,NA,135.158888888889,NA,NA,NA,121760,NA,NA,NA,NA,NA,NA,NA,NA,NA,NA,NA,NA,NA,NA,NA,NA,NA,NA,NA,NA,NA,NA,NA,NA,NA,NA,NA,NA,NA,NA,NA,NA,NA,NA,NA,NA,NA,NA,NA,NA,NA,NA,NA,NA,NA,NA,NA,NA,NA,NA,NA,NA,NA,NA,"stable",NA,NA,NA,NA,NA,NA,NA,NA,0.259215559967755,NA,NA,NA,0.225562863240886,0.119668489484703,0.125737231001068,0.886420894467341,NA,NA,NA,NA,NA,NA,NA,NA,NA,NA,NA,NA,NA,NA,NA,NA,NA,NA,NA,NA,NA,NA,NA,NA,NA,NA,NA,NA,NA,NA,NA,NA,NA,0.75,1,TRUE,0.51149699870215,0.51149699870215,0.95222777581244,0.95222777581244,0.116279029216449,0.522778612142132,-1.38237302452216,0.117626975477841,15,0,0,0,0
NA,"S4E_STRONG_SPATIAL_COVARIATE_CONFOUNDING_FIXED_GAMMA_CONTINUOUS_X2_T100",NA,NA,NA,300.074444444444,NA,0,NA,2749,"continuous_time",0.5,0.8,NA,1,0.491010886099061,NA,0,NA,NA,-1.5,NA,NA,NA,NA,NA,NA,NA,NA,NA,NA,NA,NA,NA,NA,NA,NA,-1.38099829821734,NA,NA,NA,NA,NA,NA,0.506518097894061,NA,NA,NA,NA,NA,NA,-0.397618205507102,NA,NA,NA,NA,NA,NA,15.4539923418424,NA,NA,NA,NA,NA,NA,NA,NA,NA,NA,NA,NA,NA,NA,0.0445906166289726,0.0449966663724418,0.614859759301878,NA,NA,NA,NA,NA,NA,NA,NA,NA,NA,NA,NA,NA,NA,NA,NA,NA,NA,NA,NA,NA,"S4E","Spatial/covariate confounding",5,NA,NA,NA,NA,NA,NA,NA,NA,NA,NA,NA,NA,NA,NA,NA,NA,NA,0.0301906712345502,0.998288639266424,NA,NA,NA,NA,NA,NA,NA,NA,NA,NA,NA,NA,NA,NA,NA,NA,NA,NA,NA,NA,NA,NA,NA,NA,NA,NA,301.414444444444,NA,NA,NA,270067,NA,NA,NA,NA,NA,NA,NA,NA,NA,NA,NA,NA,NA,NA,NA,NA,NA,NA,NA,NA,NA,NA,NA,NA,NA,NA,NA,NA,NA,NA,NA,NA,NA,NA,NA,NA,NA,NA,NA,NA,NA,NA,NA,NA,NA,NA,NA,NA,NA,NA,NA,NA,NA,NA,"stable",NA,NA,NA,NA,NA,NA,NA,NA,0.252775616666037,NA,NA,NA,0.238680945782126,0.0899129678817507,0.0912551754373912,0.935903115196422,NA,NA,NA,NA,NA,NA,NA,NA,NA,NA,NA,NA,NA,NA,NA,NA,NA,NA,NA,NA,NA,NA,NA,NA,NA,NA,NA,NA,NA,NA,NA,NA,NA,0.75,1,TRUE,0.507405497232872,0.507405497232872,0.974655749380437,0.974655749380437,0.123144388289839,0.676309384692229,-1.3217756707585,0.178224329241505,15,0,0,0,0
NA,"S4E_STRONG_SPATIAL_COVARIATE_CONFOUNDING_FIXED_GAMMA_CONTINUOUS_X2_T100",NA,NA,NA,211.352222222222,NA,0,NA,2327,"continuous_time",0.5,0.8,NA,0.999999999999999,0.509936183848333,NA,0,NA,NA,-1.5,NA,NA,NA,NA,NA,NA,NA,NA,NA,NA,NA,NA,NA,NA,NA,NA,-1.52751868522126,NA,NA,NA,NA,NA,NA,0.471238363376657,NA,NA,NA,NA,NA,NA,-0.393272280487929,NA,NA,NA,NA,NA,NA,14.7306031989595,NA,NA,NA,NA,NA,NA,NA,NA,NA,NA,NA,NA,NA,NA,0.0559355616698536,0.0555894974429261,0.81991120888632,NA,NA,NA,NA,NA,NA,NA,NA,NA,NA,NA,NA,NA,NA,NA,NA,NA,NA,NA,NA,NA,"S4E","Spatial/covariate confounding",6,NA,NA,NA,NA,NA,NA,NA,NA,NA,NA,NA,NA,NA,NA,NA,NA,NA,0.0232711727378206,0.999578049208655,NA,NA,NA,NA,NA,NA,NA,NA,NA,NA,NA,NA,NA,NA,NA,NA,NA,NA,NA,NA,NA,NA,NA,NA,NA,NA,211.054444444444,NA,NA,NA,190217,NA,NA,NA,NA,NA,NA,NA,NA,NA,NA,NA,NA,NA,NA,NA,NA,NA,NA,NA,NA,NA,NA,NA,NA,NA,NA,NA,NA,NA,NA,NA,NA,NA,NA,NA,NA,NA,NA,NA,NA,NA,NA,NA,NA,NA,NA,NA,NA,NA,NA,NA,NA,NA,NA,"stable",NA,NA,NA,NA,NA,NA,NA,NA,0.261590752730952,NA,NA,NA,0.244712062905024,0.0997441821265951,0.104182869730422,0.92183398548381,NA,NA,NA,NA,NA,NA,NA,NA,NA,NA,NA,NA,NA,NA,NA,NA,NA,NA,NA,NA,NA,NA,NA,NA,NA,NA,NA,NA,NA,NA,NA,NA,NA,0.75,1,TRUE,0.604229660792987,0.604229660792987,0.985038122793379,0.985038122793379,0.0498672426172887,0.352225591452442,-1.39264512661633,0.107354873383673,15,0,0,0,0
NA,"S4E_STRONG_SPATIAL_COVARIATE_CONFOUNDING_FIXED_GAMMA_CONTINUOUS_X2_T100",NA,NA,NA,209.346666666667,NA,0,NA,2534,"continuous_time",0.5,0.8,NA,1,0.433517572431339,NA,0,NA,NA,-1.5,NA,NA,NA,NA,NA,NA,NA,NA,NA,NA,NA,NA,NA,NA,NA,NA,-1.45220449604395,NA,NA,NA,NA,NA,NA,0.491306498991524,NA,NA,NA,NA,NA,NA,-0.410231512326992,NA,NA,NA,NA,NA,NA,16.1220723585619,NA,NA,NA,NA,NA,NA,NA,NA,NA,NA,NA,NA,NA,NA,0.0573077996978255,0.0557044749026197,0.880664618388528,NA,NA,NA,NA,NA,NA,NA,NA,NA,NA,NA,NA,NA,NA,NA,NA,NA,NA,NA,NA,NA,"S4E","Spatial/covariate confounding",7,NA,NA,NA,NA,NA,NA,NA,NA,NA,NA,NA,NA,NA,NA,NA,NA,NA,0.0349411595739044,0.998650940340834,NA,NA,NA,NA,NA,NA,NA,NA,NA,NA,NA,NA,NA,NA,NA,NA,NA,NA,NA,NA,NA,NA,NA,NA,NA,NA,209.465555555555,NA,NA,NA,188412,NA,NA,NA,NA,NA,NA,NA,NA,NA,NA,NA,NA,NA,NA,NA,NA,NA,NA,NA,NA,NA,NA,NA,NA,NA,NA,NA,NA,NA,NA,NA,NA,NA,NA,NA,NA,NA,NA,NA,NA,NA,NA,NA,NA,NA,NA,NA,NA,NA,NA,NA,NA,NA,NA,"stable",NA,NA,NA,NA,NA,NA,NA,NA,0.252604339666327,NA,NA,NA,0.227277273724714,0.112674083547713,0.115405070384453,0.892931465441419,NA,NA,NA,NA,NA,NA,NA,NA,NA,NA,NA,NA,NA,NA,NA,NA,NA,NA,NA,NA,NA,NA,NA,NA,NA,NA,NA,NA,NA,NA,NA,NA,NA,0.75,1,TRUE,0.596121242016541,0.596121242016541,0.987343152951353,0.987343152951353,0.0345227649660844,0.278204736854449,-1.30551431185142,0.194485688148576,15,0,0,0,0
NA,"S4E_STRONG_SPATIAL_COVARIATE_CONFOUNDING_FIXED_GAMMA_CONTINUOUS_X2_T100",NA,NA,NA,186.411111111111,NA,0,NA,2078,"continuous_time",0.5,0.8,NA,1,0.485235053854418,NA,0,NA,NA,-1.5,NA,NA,NA,NA,NA,NA,NA,NA,NA,NA,NA,NA,NA,NA,NA,NA,-1.63647567156982,NA,NA,NA,NA,NA,NA,0.516632791219903,NA,NA,NA,NA,NA,NA,-0.39451669468315,NA,NA,NA,NA,NA,NA,14.6933318439913,NA,NA,NA,NA,NA,NA,NA,NA,NA,NA,NA,NA,NA,NA,0.0641444830694897,0.0576434836340219,0.94073967416737,NA,NA,NA,NA,NA,NA,NA,NA,NA,NA,NA,NA,NA,NA,NA,NA,NA,NA,NA,NA,NA,"S4E","Spatial/covariate confounding",8,NA,NA,NA,NA,NA,NA,NA,NA,NA,NA,NA,NA,NA,NA,NA,NA,NA,0.033187099465956,0.999603774561178,NA,NA,NA,NA,NA,NA,NA,NA,NA,NA,NA,NA,NA,NA,NA,NA,NA,NA,NA,NA,NA,NA,NA,NA,NA,NA,185.816666666667,NA,NA,NA,167770,NA,NA,NA,NA,NA,NA,NA,NA,NA,NA,NA,NA,NA,NA,NA,NA,NA,NA,NA,NA,NA,NA,NA,NA,NA,NA,NA,NA,NA,NA,NA,NA,NA,NA,NA,NA,NA,NA,NA,NA,NA,NA,NA,NA,NA,NA,NA,NA,NA,NA,NA,NA,NA,NA,"stable",NA,NA,NA,NA,NA,NA,NA,NA,0.261538288927094,NA,NA,NA,0.237285485957554,0.111934816650155,0.114657948046433,0.899896991818778,NA,NA,NA,NA,NA,NA,NA,NA,NA,NA,NA,NA,NA,NA,NA,NA,NA,NA,NA,NA,NA,NA,NA,NA,NA,NA,NA,NA,NA,NA,NA,NA,NA,0.75,1,TRUE,0.577963947536195,0.577963947536195,0.982625408208959,0.982625408208959,0.000734942938633499,0.00549389179196565,-1.33928863342915,0.160711366570846,15,0,0,0,0
NA,"S4E_STRONG_SPATIAL_COVARIATE_CONFOUNDING_FIXED_GAMMA_CONTINUOUS_X2_T100",NA,NA,NA,194.322222222222,NA,0,NA,1183,"continuous_time",0.5,0.8,NA,1,0.466240347271394,NA,0,NA,NA,-1.5,NA,NA,NA,NA,NA,NA,NA,NA,NA,NA,NA,NA,NA,NA,NA,NA,-1.50168677287748,NA,NA,NA,NA,NA,NA,0.503389467739722,NA,NA,NA,NA,NA,NA,-0.399138943990582,NA,NA,NA,NA,NA,NA,14.7722637525131,NA,NA,NA,NA,NA,NA,NA,NA,NA,NA,NA,NA,NA,NA,0.0430095510528854,0.0416171710304882,0.844472539755937,NA,NA,NA,NA,NA,NA,NA,NA,NA,NA,NA,NA,NA,NA,NA,NA,NA,NA,NA,NA,NA,"S4E","Spatial/covariate confounding",9,NA,NA,NA,NA,NA,NA,NA,NA,NA,NA,NA,NA,NA,NA,NA,NA,NA,0.0336519222388716,0.996363824215958,NA,NA,NA,NA,NA,NA,NA,NA,NA,NA,NA,NA,NA,NA,NA,NA,NA,NA,NA,NA,NA,NA,NA,NA,NA,NA,194.292222222222,NA,NA,NA,174890,NA,NA,NA,NA,NA,NA,NA,NA,NA,NA,NA,NA,NA,NA,NA,NA,NA,NA,NA,NA,NA,NA,NA,NA,NA,NA,NA,NA,NA,NA,NA,NA,NA,NA,NA,NA,NA,NA,NA,NA,NA,NA,NA,NA,NA,NA,NA,NA,NA,NA,NA,NA,NA,NA,"stable",NA,NA,NA,NA,NA,NA,NA,NA,0.262406418227967,NA,NA,NA,0.24179834013249,0.099645707344178,0.101830716264264,0.926938401704178,NA,NA,NA,NA,NA,NA,NA,NA,NA,NA,NA,NA,NA,NA,NA,NA,NA,NA,NA,NA,NA,NA,NA,NA,NA,NA,NA,NA,NA,NA,NA,NA,NA,0.75,1,TRUE,0.581292114562323,0.581292114562323,0.979953169760877,0.979953169760877,0.00686899321755985,0.0472433115008012,-1.39399465448332,0.106005345516682,15,0,0,0,0
NA,"S4E_STRONG_SPATIAL_COVARIATE_CONFOUNDING_FIXED_GAMMA_CONTINUOUS_X2_T100",NA,NA,NA,213.913333333333,NA,0,NA,1924,"continuous_time",0.5,0.8,NA,0.999999999999999,0.488604066010629,NA,0,NA,NA,-1.5,NA,NA,NA,NA,NA,NA,NA,NA,NA,NA,NA,NA,NA,NA,NA,NA,-1.50032388897337,NA,NA,NA,NA,NA,NA,0.506478664321354,NA,NA,NA,NA,NA,NA,-0.412655432916062,NA,NA,NA,NA,NA,NA,15.432163084001,NA,NA,NA,NA,NA,NA,NA,NA,NA,NA,NA,NA,NA,NA,0.0519694971731484,0.0488727090061497,0.901919454728667,NA,NA,NA,NA,NA,NA,NA,NA,NA,NA,NA,NA,NA,NA,NA,NA,NA,NA,NA,NA,NA,"S4E","Spatial/covariate confounding",10,NA,NA,NA,NA,NA,NA,NA,NA,NA,NA,NA,NA,NA,NA,NA,NA,NA,0.0278709578792929,0.999036538813402,NA,NA,NA,NA,NA,NA,NA,NA,NA,NA,NA,NA,NA,NA,NA,NA,NA,NA,NA,NA,NA,NA,NA,NA,NA,NA,213.9,NA,NA,NA,192522,NA,NA,NA,NA,NA,NA,NA,NA,NA,NA,NA,NA,NA,NA,NA,NA,NA,NA,NA,NA,NA,NA,NA,NA,NA,NA,NA,NA,NA,NA,NA,NA,NA,NA,NA,NA,NA,NA,NA,NA,NA,NA,NA,NA,NA,NA,NA,NA,NA,NA,NA,NA,NA,NA,"stable",NA,NA,NA,NA,NA,NA,NA,NA,0.253628306318283,NA,NA,NA,0.236175574437158,0.0975330980970523,0.0995834662197775,0.925903906451628,NA,NA,NA,NA,NA,NA,NA,NA,NA,NA,NA,NA,NA,NA,NA,NA,NA,NA,NA,NA,NA,NA,NA,NA,NA,NA,NA,NA,NA,NA,NA,NA,NA,0.75,1,TRUE,0.621093186712179,0.621093186712179,0.978151289682437,0.978151289682437,0.0822891835268342,0.440177764918111,-1.38473060331912,0.115269396680879,15,0,0,0,0
