"scenario_id","rep_id","exposure_group","n_areas","mean_multiplier","mean_count","zero_prop","lambda_rmse","log_lambda_rmse","cor_log_lambda","phi_rmse","phi_mae","phi_cor","fit_status","nonfailed","stable_fit"
"S4B_LOW_HETEROGENEOUS_EXPOSURE_FIXED_GAMMA_T100",1,"low_exposure",3,0.0315150478623236,4.01,0.13,0.16852146816886,0.156157346089038,0.388712935030691,0.34653895824546,0.341123579789759,0.614833723706331,"stable",TRUE,TRUE
"S4B_LOW_HETEROGENEOUS_EXPOSURE_FIXED_GAMMA_T100",2,"low_exposure",3,0.0123756076526874,1.49,0.446666666666667,0.622468492847415,0.396921933115261,0.438108855217173,1.3509958636974,1.23016303038745,0.647632887344816,"soft_warning",TRUE,FALSE
"S4B_LOW_HETEROGENEOUS_EXPOSURE_FIXED_GAMMA_T100",3,"low_exposure",3,0.0131694290901779,1.76666666666667,0.27,0.262929568934834,0.244975033559126,0.111715033855179,3.05751459863908,2.86793968948961,0.227421226995067,"stable",TRUE,TRUE
"S4B_LOW_HETEROGENEOUS_EXPOSURE_FIXED_GAMMA_T100",4,"low_exposure",3,0.025417620598098,3.69333333333333,0.1,0.115055606596444,0.112676893785387,0.47617338347758,21947.1309848179,21947.1309792702,0.247566961547351,"numerical_instability",FALSE,FALSE
"S4B_LOW_HETEROGENEOUS_EXPOSURE_FIXED_GAMMA_T100",5,"low_exposure",3,0.00942658779766838,3.56,0.31,0.747395834919595,0.450494066159201,0.581467901982181,1.47080113256342,1.4591408821557,-0.343302194589798,"stable",TRUE,TRUE
"S4B_LOW_HETEROGENEOUS_EXPOSURE_FIXED_GAMMA_T100",6,"low_exposure",3,0.0332325503546135,3.57,0.1,0.172179135997702,0.174752006088501,-0.0671284551847278,0.853389683917931,0.852939984791269,0.998655074668302,"stable",TRUE,TRUE
"S4B_LOW_HETEROGENEOUS_EXPOSURE_FIXED_GAMMA_T100",7,"low_exposure",3,0.0248010855930132,5.11333333333333,0.2,0.157775372237362,0.153119009793792,0.333941281501692,7.73997212977093,6.49008575522591,-0.297204105516286,"numerical_instability",FALSE,FALSE
"S4B_LOW_HETEROGENEOUS_EXPOSURE_FIXED_GAMMA_T100",8,"low_exposure",3,0.0120611647307552,1.88,0.283333333333333,0.232512281366277,0.224938743870903,-0.122895992380938,1.58913225126121,1.47913246006044,0.9045879825194,"stable",TRUE,TRUE
"S4B_LOW_HETEROGENEOUS_EXPOSURE_FIXED_GAMMA_T100",9,"low_exposure",3,0.0248909590482418,3.26333333333333,0.216666666666667,0.160857785556474,0.153228796342536,0.380126810561858,0.494499704923054,0.445722231105276,0.923757382136781,"stable",TRUE,TRUE
"S4B_LOW_HETEROGENEOUS_EXPOSURE_FIXED_GAMMA_T100",10,"low_exposure",3,0.0210851741349249,6.06,0.08,0.120714848130227,0.114249804717256,0.382875688835506,0.949208250919702,0.9427830916822,-0.2509975537491,"stable",TRUE,TRUE
"S4B_LOW_HETEROGENEOUS_EXPOSURE_FIXED_GAMMA_T100",1,"middle_exposure",3,0.0449674129697634,4.37333333333333,0.216666666666667,0.339961943809703,0.302808612169929,-0.366120895334264,0.396756665025138,0.396104367956564,0.987753451893592,"stable",TRUE,TRUE
"S4B_LOW_HETEROGENEOUS_EXPOSURE_FIXED_GAMMA_T100",2,"middle_exposure",3,0.0604765984853016,13.2366666666667,0.01,0.0875121709493336,0.0880843031455375,0.373690869138534,0.486820117507285,0.484155561206305,0.998880281265699,"soft_warning",TRUE,FALSE
"S4B_LOW_HETEROGENEOUS_EXPOSURE_FIXED_GAMMA_T100",3,"middle_exposure",3,0.0207135445816725,5.02333333333333,0.07,0.0982068415856864,0.0966323638912222,0.42341716129836,3.04137267924925,2.85800162021298,-0.782682914344431,"stable",TRUE,TRUE
"S4B_LOW_HETEROGENEOUS_EXPOSURE_FIXED_GAMMA_T100",4,"middle_exposure",3,0.0417858515652337,3.9,0.16,0.212243448871086,0.207006139342481,0.435312535160606,21947.0930351398,21947.0930297824,-0.675127535977172,"numerical_instability",FALSE,FALSE
"S4B_LOW_HETEROGENEOUS_EXPOSURE_FIXED_GAMMA_T100",5,"middle_exposure",3,0.0411012718718504,7.88,0.03,0.0989625139940615,0.098605495992187,0.555534705762041,2.02015479751706,2.00091873758902,-0.133834961789196,"stable",TRUE,TRUE
"S4B_LOW_HETEROGENEOUS_EXPOSURE_FIXED_GAMMA_T100",6,"middle_exposure",3,0.0313353706128136,5.76333333333333,0.116666666666667,0.142716153413716,0.137989599452168,0.59259017903655,3.94928365748644,2.81939869767703,0.219563835429145,"stable",TRUE,TRUE
"S4B_LOW_HETEROGENEOUS_EXPOSURE_FIXED_GAMMA_T100",7,"middle_exposure",3,0.0420351065397242,8.41666666666667,0.01,0.0833758564377636,0.081985318977997,0.618308273103079,7.69110513803539,6.40915726909044,0.924911200125495,"numerical_instability",FALSE,FALSE
"S4B_LOW_HETEROGENEOUS_EXPOSURE_FIXED_GAMMA_T100",8,"middle_exposure",3,0.0465435814207548,2.90666666666667,0.286666666666667,0.251992024713889,0.249303629942842,0.420267526290048,1.13306955787765,1.13222827910305,0.998752648415303,"stable",TRUE,TRUE
"S4B_LOW_HETEROGENEOUS_EXPOSURE_FIXED_GAMMA_T100",9,"middle_exposure",3,0.0334914932285527,16.4166666666667,0.02,0.0853745596594834,0.0795699800957546,0.720522693359927,0.421325376582937,0.40221722968463,0.449222598704401,"stable",TRUE,TRUE
"S4B_LOW_HETEROGENEOUS_EXPOSURE_FIXED_GAMMA_T100",10,"middle_exposure",3,0.0414494189226492,7.95,0.0333333333333333,0.0803615419764591,0.0786155028749235,0.435893646762524,0.993688249085289,0.988016909078001,0.0743952655526498,"stable",TRUE,TRUE
"S4B_LOW_HETEROGENEOUS_EXPOSURE_FIXED_GAMMA_T100",1,"high_exposure",3,0.0735175391679131,18.6533333333333,0,0.0767755980449099,0.0766223601274456,0.704609351175887,0.398575537011269,0.395033912464,0.794340514540618,"stable",TRUE,TRUE
"S4B_LOW_HETEROGENEOUS_EXPOSURE_FIXED_GAMMA_T100",2,"high_exposure",3,0.077147793862011,20.9633333333333,0.00333333333333333,0.0774588500807982,0.0764878930928147,0.67111567535614,0.443372032656907,0.44319995559733,0.998600950329717,"soft_warning",TRUE,FALSE
"S4B_LOW_HETEROGENEOUS_EXPOSURE_FIXED_GAMMA_T100",3,"high_exposure",3,0.116126406209181,18.4066666666667,0.05,0.125335236976249,0.123832357986288,0.317349429567886,3.14477977654667,2.98719406207437,0.0272800437872269,"stable",TRUE,TRUE
"S4B_LOW_HETEROGENEOUS_EXPOSURE_FIXED_GAMMA_T100",4,"high_exposure",3,0.0827965278366683,10.12,0.303333333333333,1182.61431263572,3.79443254182595,0.266023756993813,102940.58761541,73156.5267653044,0.999837621934142,"numerical_instability",FALSE,FALSE
"S4B_LOW_HETEROGENEOUS_EXPOSURE_FIXED_GAMMA_T100",5,"high_exposure",3,0.0994721471875628,35.9066666666667,0,0.0396848616323901,0.0398247887143703,0.73048315766723,1.83719768623813,1.8036963454465,-0.00827531632954968,"stable",TRUE,TRUE
"S4B_LOW_HETEROGENEOUS_EXPOSURE_FIXED_GAMMA_T100",6,"high_exposure",3,0.0854320790325729,18.7466666666667,0,0.0782183725242824,0.0788480334336868,0.755669013241884,0.814550593772902,0.81446896097539,0.99900994060275,"stable",TRUE,TRUE
"S4B_LOW_HETEROGENEOUS_EXPOSURE_FIXED_GAMMA_T100",7,"high_exposure",3,0.0831638078672626,7.73666666666667,0.286666666666667,2.40077309647793e+25,96.752294723903,0.441774496153225,22.8732749730878,13.5090182305311,0.999989945605256,"numerical_instability",FALSE,FALSE
"S4B_LOW_HETEROGENEOUS_EXPOSURE_FIXED_GAMMA_T100",8,"high_exposure",3,0.09139525384849,17.8433333333333,0.00333333333333333,0.0758757968770039,0.0753777587993799,0.647284283226109,1.83150615337625,1.75498739967668,0.946214534912168,"stable",TRUE,TRUE
"S4B_LOW_HETEROGENEOUS_EXPOSURE_FIXED_GAMMA_T100",9,"high_exposure",3,0.0916175477232055,8.32,0.0166666666666667,0.0987152286922723,0.09979582855831,0.621788540963848,0.304221672355644,0.303121029975412,0.998195180787147,"stable",TRUE,TRUE
"S4B_LOW_HETEROGENEOUS_EXPOSURE_FIXED_GAMMA_T100",10,"high_exposure",3,0.0874654069424259,19.77,0.00333333333333333,0.0835906880678715,0.0801400005261553,0.661857996285908,0.874050662317453,0.870244121766285,-0.177930867560857,"stable",TRUE,TRUE
