"scenario_id","rep_id","region","truth","mean","q025","q50","q975","bias","covered"
"S3_DYNAMIC_LEARNED_GAMMA_T100",1,1,15,14.8152254033238,10.4506524768956,14.6465159987578,20.4030577042136,-0.184774596676231,1
"S3_DYNAMIC_LEARNED_GAMMA_T100",1,2,15,15.3701004550718,10.4444758052435,15.2324476778494,21.0812625606845,0.370100455071839,1
"S3_DYNAMIC_LEARNED_GAMMA_T100",1,3,15,13.5172876780023,9.72026698338376,13.345235065988,18.174511839754,-1.48271232199771,1
"S3_DYNAMIC_LEARNED_GAMMA_T100",1,4,15,22.1198509790051,15.093936909113,21.8494432052787,30.87128343992,7.1198509790051,0
"S3_DYNAMIC_LEARNED_GAMMA_T100",1,5,15,12.6528570058384,8.61428911532213,12.3789894976561,17.8100885024306,-2.34714299416158,1
"S3_DYNAMIC_LEARNED_GAMMA_T100",1,6,15,15.2757022933732,11.0437575309693,15.0606432339979,20.7852428682412,0.275702293373195,1
"S3_DYNAMIC_LEARNED_GAMMA_T100",1,7,15,17.1887047323917,12.2742627248216,16.9641940838565,23.2823680550128,2.18870473239171,1
"S3_DYNAMIC_LEARNED_GAMMA_T100",1,8,15,14.3720154379229,10.3982454793872,14.182755673003,19.2383191150553,-0.627984562077126,1
"S3_DYNAMIC_LEARNED_GAMMA_T100",1,9,15,13.6326196615364,9.89704231196928,13.5108366605209,17.9751891785677,-1.36738033846355,1
"S3_DYNAMIC_LEARNED_GAMMA_T100",2,1,15,16.7273650156693,11.8632259883009,16.5937118995175,22.7335680477014,1.72736501566932,1
"S3_DYNAMIC_LEARNED_GAMMA_T100",2,2,15,14.9089518488019,10.7155823344675,14.7407572870054,20.1271797222109,-0.0910481511981143,1
"S3_DYNAMIC_LEARNED_GAMMA_T100",2,3,15,16.4064721737731,11.8357934247278,16.2472036329408,21.9500936678058,1.40647217377311,1
"S3_DYNAMIC_LEARNED_GAMMA_T100",2,4,15,17.1940378855395,12.3717697688609,16.9857323193458,22.9954742937228,2.19403788553945,1
"S3_DYNAMIC_LEARNED_GAMMA_T100",2,5,15,22.9580118286274,16.3343371180875,22.7623502608307,30.8775409607476,7.95801182862741,0
"S3_DYNAMIC_LEARNED_GAMMA_T100",2,6,15,15.4690803771959,11.1395205479774,15.2969110245882,20.4576975234085,0.469080377195878,1
"S3_DYNAMIC_LEARNED_GAMMA_T100",2,7,15,17.7376721210115,12.1523087773146,17.520089707751,24.6834850745758,2.73767212101146,1
"S3_DYNAMIC_LEARNED_GAMMA_T100",2,8,15,14.0401703377569,10.1856822423705,13.8562727914036,18.7432699540787,-0.959829662243131,1
"S3_DYNAMIC_LEARNED_GAMMA_T100",2,9,15,12.2871701692264,8.66548442858473,12.0887094253871,16.7725501705617,-2.71282983077356,1
"S3_DYNAMIC_LEARNED_GAMMA_T100",3,1,15,13.7475523234799,10.122696309109,13.6104284419262,18.0263073212711,-1.25244767652013,1
"S3_DYNAMIC_LEARNED_GAMMA_T100",3,2,15,12.6486763494354,8.97001150105924,12.4771940519299,17.4671051016591,-2.35132365056462,1
"S3_DYNAMIC_LEARNED_GAMMA_T100",3,3,15,16.1107508507431,11.0534343919678,15.8711685887801,22.4445801339255,1.11075085074308,1
"S3_DYNAMIC_LEARNED_GAMMA_T100",3,4,15,11.6009131597932,8.35667562105381,11.5213187353299,15.3551482482267,-3.39908684020681,1
"S3_DYNAMIC_LEARNED_GAMMA_T100",3,5,15,16.6234182140794,11.8708445536933,16.5127743848906,22.3719456894242,1.6234182140794,1
"S3_DYNAMIC_LEARNED_GAMMA_T100",3,6,15,13.0142500982494,9.58730384723503,12.9070629122153,17.2909604403933,-1.98574990175055,1
"S3_DYNAMIC_LEARNED_GAMMA_T100",3,7,15,17.3286557410944,12.4923942699749,17.1544460393976,23.2203028352752,2.32865574109444,1
"S3_DYNAMIC_LEARNED_GAMMA_T100",3,8,15,18.1492799689427,13.349741198676,17.9666634834628,24.0076514311,3.14927996894265,1
"S3_DYNAMIC_LEARNED_GAMMA_T100",3,9,15,13.6917109453894,9.99352746795057,13.5430980523574,17.9378871366715,-1.30828905461061,1
"S3_DYNAMIC_LEARNED_GAMMA_T100",4,1,15,18.7357632416485,13.1120879171307,18.5931294582396,25.3101403384582,3.73576324164845,1
"S3_DYNAMIC_LEARNED_GAMMA_T100",4,2,15,15.4215818774985,10.64066548212,15.1398123125771,21.4254228481581,0.421581877498522,1
"S3_DYNAMIC_LEARNED_GAMMA_T100",4,3,15,14.4051983846889,10.2387388877051,14.1518134721925,19.4801922295175,-0.59480161531113,1
"S3_DYNAMIC_LEARNED_GAMMA_T100",4,4,15,12.5792912905686,9.11027022491503,12.4572830570727,16.8180131295095,-2.42070870943137,1
"S3_DYNAMIC_LEARNED_GAMMA_T100",4,5,15,13.6010285195407,9.80040584736236,13.4840957017761,18.1257603464697,-1.39897148045931,1
"S3_DYNAMIC_LEARNED_GAMMA_T100",4,6,15,20.4697392741694,13.525924672457,20.0731641449142,29.6847121399957,5.4697392741694,1
"S3_DYNAMIC_LEARNED_GAMMA_T100",4,7,15,15.3800277253652,11.1336951489684,15.1398712257005,20.7206080776959,0.380027725365164,1
"S3_DYNAMIC_LEARNED_GAMMA_T100",4,8,15,12.4027521299585,8.88840403583245,12.2748805956831,16.6200223837012,-2.59724787004152,1
"S3_DYNAMIC_LEARNED_GAMMA_T100",4,9,15,16.0870917859181,11.6700808023193,15.9980399157848,21.5927523508052,1.08709178591809,1
"S3_DYNAMIC_LEARNED_GAMMA_T100",5,1,15,16.3868532373555,11.7884168895035,16.1675095004245,21.9703854476739,1.38685323735552,1
"S3_DYNAMIC_LEARNED_GAMMA_T100",5,2,15,13.7785153956339,9.66077309442342,13.5856944367092,18.6316772776435,-1.22148460436605,1
"S3_DYNAMIC_LEARNED_GAMMA_T100",5,3,15,17.9753022273598,12.8744121903808,17.7775707585906,24.2869075074828,2.97530222735984,1
"S3_DYNAMIC_LEARNED_GAMMA_T100",5,4,15,16.5429812618954,11.9724876793312,16.3727120218503,22.2277758431776,1.54298126189538,1
"S3_DYNAMIC_LEARNED_GAMMA_T100",5,5,15,19.9404248028961,14.0938656911948,19.7510014121848,27.5476943739053,4.94042480289611,1
"S3_DYNAMIC_LEARNED_GAMMA_T100",5,6,15,12.3307590740242,8.87257134317638,12.2501483173654,16.2480751215363,-2.66924092597579,1
"S3_DYNAMIC_LEARNED_GAMMA_T100",5,7,15,14.1631466326175,10.3613257278882,14.0461342413071,18.7313595296391,-0.836853367382524,1
"S3_DYNAMIC_LEARNED_GAMMA_T100",5,8,15,15.9937742654348,11.6308182330524,15.8441850544234,21.2718947624885,0.993774265434807,1
"S3_DYNAMIC_LEARNED_GAMMA_T100",5,9,15,11.6363991460825,8.53936542847279,11.5785790046874,15.2555153280097,-3.36360085391754,1
"S3_DYNAMIC_LEARNED_GAMMA_T100",6,1,15,14.3712663087859,10.1008598404497,14.110447197206,19.6349302671196,-0.628733691214068,1
"S3_DYNAMIC_LEARNED_GAMMA_T100",6,2,15,13.3657946363369,9.76683910829949,13.3046586125741,17.52514312767,-1.63420536366312,1
"S3_DYNAMIC_LEARNED_GAMMA_T100",6,3,15,14.835538816279,10.6884274371326,14.6725067020387,19.8321045109374,-0.164461183720981,1
"S3_DYNAMIC_LEARNED_GAMMA_T100",6,4,15,14.8661261553634,10.6311378361846,14.680112967659,20.1976867558258,-0.133873844636554,1
"S3_DYNAMIC_LEARNED_GAMMA_T100",6,5,15,17.4599118095164,12.4323611777247,17.2331461871285,23.5175470250962,2.45991180951642,1
"S3_DYNAMIC_LEARNED_GAMMA_T100",6,6,15,18.154402723163,12.9941501423439,18.0002841784568,24.382313821544,3.15440272316305,1
"S3_DYNAMIC_LEARNED_GAMMA_T100",6,7,15,12.6011754816487,9.0154892545065,12.4265953798736,16.9597761059374,-2.39882451835128,1
"S3_DYNAMIC_LEARNED_GAMMA_T100",6,8,15,15.6157297243314,11.161199387535,15.4513498163498,21.1210749624281,0.615729724331361,1
"S3_DYNAMIC_LEARNED_GAMMA_T100",6,9,15,16.6462506261651,11.7082705360459,16.5153394518372,22.7493766151614,1.64625062616509,1
"S3_DYNAMIC_LEARNED_GAMMA_T100",7,1,15,15.5930793175907,10.2082173906197,15.2009037219167,23.2365926539894,0.593079317590716,1
"S3_DYNAMIC_LEARNED_GAMMA_T100",7,2,15,13.9507389735215,9.87864271975489,13.8240890924624,18.754399056074,-1.04926102647846,1
"S3_DYNAMIC_LEARNED_GAMMA_T100",7,3,15,15.251266498694,10.3959879979256,15.0548561794992,21.2670254703089,0.25126649869398,1
"S3_DYNAMIC_LEARNED_GAMMA_T100",7,4,15,14.5761582061071,10.3035279661809,14.380381844069,20.2477644195885,-0.42384179389294,1
"S3_DYNAMIC_LEARNED_GAMMA_T100",7,5,15,14.1482654410304,9.93174164777812,14.0032196075191,19.1532652926418,-0.851734558969625,1
"S3_DYNAMIC_LEARNED_GAMMA_T100",7,6,15,15.809059011924,10.9199675426582,15.5820345618256,22.0386794894167,0.80905901192398,1
"S3_DYNAMIC_LEARNED_GAMMA_T100",7,7,15,13.1794263606333,9.69252561230193,13.1137995530991,17.0904791465825,-1.82057363936671,1
"S3_DYNAMIC_LEARNED_GAMMA_T100",7,8,15,14.783868507291,10.9181206770033,14.6520068150989,19.4767294139195,-0.216131492708994,1
"S3_DYNAMIC_LEARNED_GAMMA_T100",7,9,15,16.8150206487004,12.2081544936655,16.6511793562427,22.2265655198451,1.81502064870035,1
"S3_DYNAMIC_LEARNED_GAMMA_T100",8,1,15,13.5206240611736,9.69006946005327,13.4016899401857,17.9548486422704,-1.47937593882637,1
"S3_DYNAMIC_LEARNED_GAMMA_T100",8,2,15,13.1953916444121,9.63851802262389,13.0318485569041,17.3716757865408,-1.80460835558791,1
"S3_DYNAMIC_LEARNED_GAMMA_T100",8,3,15,15.5070380497165,11.0755693943335,15.3777556168553,20.7993658326342,0.507038049716519,1
"S3_DYNAMIC_LEARNED_GAMMA_T100",8,4,15,17.9482113109511,12.8778817696557,17.7575067898739,24.169815178006,2.94821131095113,1
"S3_DYNAMIC_LEARNED_GAMMA_T100",8,5,15,17.2214000719485,12.1308737835256,17.0551933199861,23.2188836671582,2.22140007194848,1
"S3_DYNAMIC_LEARNED_GAMMA_T100",8,6,15,12.0018002100308,8.56855072894132,11.8734566203927,16.1591231970945,-2.99819978996924,1
"S3_DYNAMIC_LEARNED_GAMMA_T100",8,7,15,17.0531177669597,11.6143748391856,16.8362398781483,24.0393404383052,2.0531177669597,1
"S3_DYNAMIC_LEARNED_GAMMA_T100",8,8,15,13.53348298947,9.63906259914658,13.377481198157,18.3422045344412,-1.46651701052995,1
"S3_DYNAMIC_LEARNED_GAMMA_T100",8,9,15,17.5978798520899,12.2763652808796,17.2956610277436,24.3874115213364,2.59787985208992,1
"S3_DYNAMIC_LEARNED_GAMMA_T100",9,1,15,16.1255790544351,11.2412255460278,15.9519422632447,22.0153512377453,1.12557905443514,1
"S3_DYNAMIC_LEARNED_GAMMA_T100",9,2,15,16.2627356416771,9.70795506995538,15.6646406103375,25.7056016041127,1.26273564167712,1
"S3_DYNAMIC_LEARNED_GAMMA_T100",9,3,15,12.0015831746894,8.70002296123922,11.9124413205556,15.669310934023,-2.99841682531061,1
"S3_DYNAMIC_LEARNED_GAMMA_T100",9,4,15,12.3947626915904,8.87918518288711,12.220984748681,16.5113136982982,-2.60523730840958,1
"S3_DYNAMIC_LEARNED_GAMMA_T100",9,5,15,19.2026229607919,13.8756848176724,18.9605564219392,25.69027568289,4.20262296079191,1
"S3_DYNAMIC_LEARNED_GAMMA_T100",9,6,15,14.3511058876141,10.1361807424487,14.2399486189325,19.2593717637568,-0.648894112385889,1
"S3_DYNAMIC_LEARNED_GAMMA_T100",9,7,15,12.8239986449682,9.30276224955189,12.693281836135,17.0796300718162,-2.17600135503179,1
"S3_DYNAMIC_LEARNED_GAMMA_T100",9,8,15,11.9190145195553,8.70687037460515,11.7803563665555,15.6235302210903,-3.08098548044474,1
"S3_DYNAMIC_LEARNED_GAMMA_T100",9,9,15,18.588719518675,13.2377957109877,18.3314804412952,24.9306253350542,3.58871951867496,1
"S3_DYNAMIC_LEARNED_GAMMA_T100",10,1,15,16.3716470262451,11.3032035408421,16.1451278238831,22.7941700804769,1.37164702624513,1
"S3_DYNAMIC_LEARNED_GAMMA_T100",10,2,15,13.6377844323525,9.87429868426245,13.5334927473544,17.9967340272993,-1.36221556764746,1
"S3_DYNAMIC_LEARNED_GAMMA_T100",10,3,15,11.2650240537055,8.3856949439862,11.1460594546253,14.5157161638828,-3.7349759462945,0
"S3_DYNAMIC_LEARNED_GAMMA_T100",10,4,15,15.08131137684,10.6189166527058,14.9437960292772,20.7406552479867,0.081311376840004,1
"S3_DYNAMIC_LEARNED_GAMMA_T100",10,5,15,12.9659896940891,9.39947818217244,12.8503215983687,17.2107066950868,-2.0340103059109,1
"S3_DYNAMIC_LEARNED_GAMMA_T100",10,6,15,16.7243233962886,11.6874404708256,16.5558794576717,22.7448075038451,1.72432339628859,1
"S3_DYNAMIC_LEARNED_GAMMA_T100",10,7,15,18.9124464017338,13.4192953105897,18.6500334520955,25.7874500880192,3.91244640173382,1
"S3_DYNAMIC_LEARNED_GAMMA_T100",10,8,15,15.2033527430243,10.7732240126832,15.0522684893494,20.4666836914572,0.203352743024302,1
"S3_DYNAMIC_LEARNED_GAMMA_T100",10,9,15,12.642778509128,8.90677972028503,12.5693013129954,17.2947258752392,-2.35722149087205,1
"S3_DYNAMIC_LEARNED_GAMMA_T100",11,1,15,13.6033025967266,9.77665580267406,13.4575400629026,18.3237016687279,-1.39669740327341,1
"S3_DYNAMIC_LEARNED_GAMMA_T100",11,2,15,15.9617355670853,11.6978871115486,15.8166255326948,20.9909131675899,0.961735567085348,1
"S3_DYNAMIC_LEARNED_GAMMA_T100",11,3,15,14.7247539893451,10.0610161223477,14.4580836467748,21.070067083326,-0.275246010654902,1
"S3_DYNAMIC_LEARNED_GAMMA_T100",11,4,15,20.1233907868751,14.1509547432495,19.8061822927318,27.6554008932505,5.12339078687513,1
"S3_DYNAMIC_LEARNED_GAMMA_T100",11,5,15,18.1079362309772,13.0488364538618,17.9657974535566,24.0474387955172,3.10793623097717,1
"S3_DYNAMIC_LEARNED_GAMMA_T100",11,6,15,13.6248387608271,9.82725501737513,13.49964753714,18.2316125018721,-1.3751612391729,1
"S3_DYNAMIC_LEARNED_GAMMA_T100",11,7,15,20.7937369204628,14.7856410763759,20.6276673972747,28.0859315067528,5.79373692046283,1
"S3_DYNAMIC_LEARNED_GAMMA_T100",11,8,15,15.1584560890824,11.0181119755455,14.9639076660462,20.0961304547499,0.158456089082433,1
"S3_DYNAMIC_LEARNED_GAMMA_T100",11,9,15,14.6324715004017,10.5331128682411,14.4577805621943,19.6788953055444,-0.367528499598329,1
"S3_DYNAMIC_LEARNED_GAMMA_T100",12,1,15,13.5394087396416,9.62907915736288,13.3669998930629,18.6932998366835,-1.46059126035843,1
"S3_DYNAMIC_LEARNED_GAMMA_T100",12,2,15,16.7181936870513,12.0163237733909,16.5138178992184,22.4257798666566,1.71819368705128,1
"S3_DYNAMIC_LEARNED_GAMMA_T100",12,3,15,13.9332356217963,10.1021781504163,13.8290862863343,18.6020680171164,-1.06676437820366,1
"S3_DYNAMIC_LEARNED_GAMMA_T100",12,4,15,14.2296925073533,10.3114571873361,14.1354434216668,18.7770919515032,-0.770307492646747,1
"S3_DYNAMIC_LEARNED_GAMMA_T100",12,5,15,14.6160523351707,10.4934939792448,14.5134533575194,19.1697510967728,-0.383947664829336,1
"S3_DYNAMIC_LEARNED_GAMMA_T100",12,6,15,18.7088514495268,13.7831834125399,18.5543760487283,24.6255072581687,3.70885144952682,1
"S3_DYNAMIC_LEARNED_GAMMA_T100",12,7,15,15.1957131091181,10.6460134181794,15.0375307913135,20.8134146589307,0.195713109118078,1
"S3_DYNAMIC_LEARNED_GAMMA_T100",12,8,15,14.7633955055215,10.7209221646284,14.625698684551,19.7267543906252,-0.236604494478524,1
"S3_DYNAMIC_LEARNED_GAMMA_T100",12,9,15,14.7019057951448,10.8866242247968,14.5839925836445,19.2457594926951,-0.29809420485519,1
"S3_DYNAMIC_LEARNED_GAMMA_T100",13,1,15,16.2060485886858,10.7703777384647,15.882989448935,23.503039590401,1.2060485886858,1
"S3_DYNAMIC_LEARNED_GAMMA_T100",13,2,15,12.4922558105857,8.96334177245551,12.3027902157881,16.8769499273334,-2.50774418941434,1
"S3_DYNAMIC_LEARNED_GAMMA_T100",13,3,15,17.9150298130908,12.6334642736743,17.70153776387,24.2855182405535,2.9150298130908,1
"S3_DYNAMIC_LEARNED_GAMMA_T100",13,4,15,14.130614921198,10.1749653970434,13.9816855126556,18.7306537819828,-0.869385078801974,1
"S3_DYNAMIC_LEARNED_GAMMA_T100",13,5,15,19.7427764390026,14.2136849266353,19.5390804787871,26.1647638974834,4.74277643900258,1
"S3_DYNAMIC_LEARNED_GAMMA_T100",13,6,15,13.828883634403,9.46117152083043,13.6251051004954,19.3930796446719,-1.171116365597,1
"S3_DYNAMIC_LEARNED_GAMMA_T100",13,7,15,19.1778491229951,14.003723488087,18.9784340058154,25.3057271663843,4.1778491229951,1
"S3_DYNAMIC_LEARNED_GAMMA_T100",13,8,15,14.339504522629,10.2405682887537,14.1724907972068,19.4686926842933,-0.660495477370953,1
"S3_DYNAMIC_LEARNED_GAMMA_T100",13,9,15,13.7819874712197,9.86247726022915,13.6723119558741,18.3782001394052,-1.21801252878033,1
"S3_DYNAMIC_LEARNED_GAMMA_T100",14,1,15,16.032805429944,11.675850874387,15.8406467899788,21.2982686058766,1.03280542994399,1
"S3_DYNAMIC_LEARNED_GAMMA_T100",14,2,15,18.0345471772474,12.726719062604,17.8142913374531,24.5627657665931,3.03454717724737,1
"S3_DYNAMIC_LEARNED_GAMMA_T100",14,3,15,15.9261517841266,11.4099692930486,15.760831969392,21.4990318887715,0.926151784126587,1
"S3_DYNAMIC_LEARNED_GAMMA_T100",14,4,15,18.5059067417607,13.3355280276863,18.361782863582,24.5648678031896,3.5059067417607,1
"S3_DYNAMIC_LEARNED_GAMMA_T100",14,5,15,15.9509907989075,11.4478451663496,15.8205935780322,21.2934540785514,0.950990798907469,1
"S3_DYNAMIC_LEARNED_GAMMA_T100",14,6,15,15.9706070400496,10.6838336128688,15.6891402288515,23.2020974515706,0.970607040049552,1
"S3_DYNAMIC_LEARNED_GAMMA_T100",14,7,15,20.7159986308955,14.9323823628883,20.4262439967802,27.7748098977442,5.71599863089548,1
"S3_DYNAMIC_LEARNED_GAMMA_T100",14,8,15,14.2827589069047,10.3773102515653,14.1369393910193,18.8484861629401,-0.71724109309535,1
"S3_DYNAMIC_LEARNED_GAMMA_T100",14,9,15,13.0402446332834,9.07050815006475,12.8504790310994,17.9015793078723,-1.95975536671659,1
"S3_DYNAMIC_LEARNED_GAMMA_T100",15,1,15,18.6027072534546,13.5824081343221,18.4095284893467,24.7496635177152,3.60270725345462,1
"S3_DYNAMIC_LEARNED_GAMMA_T100",15,2,15,13.9477350265136,9.85289374619639,13.7891797552996,19.0036717719356,-1.05226497348641,1
"S3_DYNAMIC_LEARNED_GAMMA_T100",15,3,15,19.1712803839191,13.3519676834515,18.8106476907693,26.9767907531644,4.17128038391907,1
"S3_DYNAMIC_LEARNED_GAMMA_T100",15,4,15,13.4939026644036,9.71339032869056,13.3410687353136,17.8965895067349,-1.50609733559637,1
"S3_DYNAMIC_LEARNED_GAMMA_T100",15,5,15,14.0985389728938,10.2706439158232,13.8807935999854,19.120526339352,-0.901461027106185,1
"S3_DYNAMIC_LEARNED_GAMMA_T100",15,6,15,14.1736977827792,9.8102602932055,13.9880722256783,19.7986647149823,-0.826302217220794,1
"S3_DYNAMIC_LEARNED_GAMMA_T100",15,7,15,21.6358479631095,15.2299758334342,21.4371059813091,29.32858796551,6.63584796310954,0
"S3_DYNAMIC_LEARNED_GAMMA_T100",15,8,15,14.7801837259289,10.6282700374421,14.648221109224,19.5903156543147,-0.219816274071055,1
"S3_DYNAMIC_LEARNED_GAMMA_T100",15,9,15,18.087893867596,12.7732534936055,17.8362386691994,24.3795716226679,3.08789386759604,1
"S3_DYNAMIC_LEARNED_GAMMA_T100",16,1,15,13.432141277802,9.70918693120139,13.3192551176465,17.8433838786121,-1.56785872219802,1
"S3_DYNAMIC_LEARNED_GAMMA_T100",16,2,15,18.0850536816012,13.0103795676039,17.8772004364726,24.0042515089801,3.0850536816012,1
"S3_DYNAMIC_LEARNED_GAMMA_T100",16,3,15,21.4048059940856,13.6052367887475,21.0371677639552,31.86150828927,6.40480599408564,1
"S3_DYNAMIC_LEARNED_GAMMA_T100",16,4,15,14.497393750395,10.5391142098662,14.2785698518657,19.5172674777775,-0.502606249605032,1
"S3_DYNAMIC_LEARNED_GAMMA_T100",16,5,15,16.0509584903026,11.4115513139383,15.9505913633663,21.315215186757,1.05095849030258,1
"S3_DYNAMIC_LEARNED_GAMMA_T100",16,6,15,16.0864660215077,11.6331619768608,15.9246104238989,21.6061587510339,1.08646602150766,1
"S3_DYNAMIC_LEARNED_GAMMA_T100",16,7,15,13.8705666486801,9.97535562889916,13.775154037499,18.4146877080625,-1.12943335131992,1
"S3_DYNAMIC_LEARNED_GAMMA_T100",16,8,15,18.9028419257097,13.050931411671,18.6858375287384,25.8521420288283,3.90284192570973,1
"S3_DYNAMIC_LEARNED_GAMMA_T100",16,9,15,12.9932915700235,9.09218390518398,12.8174423633583,17.7951420989201,-2.00670842997652,1
"S3_DYNAMIC_LEARNED_GAMMA_T100",17,1,15,15.2970805607182,10.6639304898653,15.1148441189771,21.0618929763947,0.297080560718156,1
"S3_DYNAMIC_LEARNED_GAMMA_T100",17,2,15,12.823493431068,8.9915804565911,12.7017926864486,17.5860580300368,-2.17650656893202,1
"S3_DYNAMIC_LEARNED_GAMMA_T100",17,3,15,15.2776996936316,11.1249595311004,15.0838363543416,20.8835205720964,0.277699693631646,1
"S3_DYNAMIC_LEARNED_GAMMA_T100",17,4,15,18.0223980893177,12.4357121441699,17.7816729012067,25.1689349728216,3.02239808931774,1
"S3_DYNAMIC_LEARNED_GAMMA_T100",17,5,15,14.5823384678332,10.5720013324406,14.4410124642536,19.1649040016799,-0.417661532166827,1
"S3_DYNAMIC_LEARNED_GAMMA_T100",17,6,15,14.2086052707084,10.3625086253007,14.1394597394494,18.6675778587692,-0.791394729291607,1
"S3_DYNAMIC_LEARNED_GAMMA_T100",17,7,15,13.8842974709088,10.0810147479178,13.735301813242,18.5056883610649,-1.11570252909118,1
"S3_DYNAMIC_LEARNED_GAMMA_T100",17,8,15,15.7404273216679,11.1948713193755,15.6032253786568,21.1603326092048,0.740427321667935,1
"S3_DYNAMIC_LEARNED_GAMMA_T100",17,9,15,12.8300009930884,9.22173148203171,12.7037880354166,17.1459095148288,-2.16999900691159,1
"S3_DYNAMIC_LEARNED_GAMMA_T100",18,1,15,12.7731527156206,9.30000951742449,12.6243437258739,16.902765685353,-2.22684728437938,1
"S3_DYNAMIC_LEARNED_GAMMA_T100",18,2,15,14.9738319579067,10.8490629059016,14.8319670118544,20.0474736886521,-0.0261680420932677,1
"S3_DYNAMIC_LEARNED_GAMMA_T100",18,3,15,19.0329622113202,13.7524930274423,18.7649766761572,25.587087558974,4.03296221132018,1
"S3_DYNAMIC_LEARNED_GAMMA_T100",18,4,15,11.3026501378217,8.29121530263334,11.2027643305559,14.6448761445057,-3.69734986217833,0
"S3_DYNAMIC_LEARNED_GAMMA_T100",18,5,15,14.5192611129342,10.4719673660251,14.3187780790898,19.5517204200726,-0.480738887065771,1
"S3_DYNAMIC_LEARNED_GAMMA_T100",18,6,15,17.0632956878763,12.2162283810302,16.8541907786808,22.9682351492818,2.06329568787634,1
"S3_DYNAMIC_LEARNED_GAMMA_T100",18,7,15,13.3018923756043,9.48597194176766,13.1433468329353,17.9811751920691,-1.69810762439571,1
"S3_DYNAMIC_LEARNED_GAMMA_T100",18,8,15,18.3283238610816,13.2401960948409,18.1918552157743,24.4457188797034,3.32832386108164,1
"S3_DYNAMIC_LEARNED_GAMMA_T100",18,9,15,17.1877550367222,12.2411234304863,16.9575702982906,22.8502305622656,2.18775503672216,1
"S3_DYNAMIC_LEARNED_GAMMA_T100",19,1,15,17.1104629413261,12.2678659778114,16.9650325327623,23.1431239102023,2.11046294132607,1
"S3_DYNAMIC_LEARNED_GAMMA_T100",19,2,15,15.8657604695777,11.3374756117388,15.7316607369757,21.2468046108797,0.865760469577674,1
"S3_DYNAMIC_LEARNED_GAMMA_T100",19,3,15,12.669006573903,8.99337354754334,12.5313041577547,17.0756692300288,-2.33099342609702,1
"S3_DYNAMIC_LEARNED_GAMMA_T100",19,4,15,13.5582117809563,9.57328262625868,13.3745450388946,18.5628352887601,-1.44178821904365,1
"S3_DYNAMIC_LEARNED_GAMMA_T100",19,5,15,18.4393761691665,12.7142349747341,18.1406363975986,25.5003137881215,3.43937616916648,1
"S3_DYNAMIC_LEARNED_GAMMA_T100",19,6,15,16.3246502079789,11.1007825172684,15.9817186982836,22.9036667525188,1.32465020797888,1
"S3_DYNAMIC_LEARNED_GAMMA_T100",19,7,15,13.9625031703027,9.68239288299812,13.7725203702372,19.2278741687538,-1.03749682969726,1
"S3_DYNAMIC_LEARNED_GAMMA_T100",19,8,15,13.4003619601219,9.37390601683885,13.2235041959571,18.25956241131,-1.59963803987809,1
"S3_DYNAMIC_LEARNED_GAMMA_T100",19,9,15,15.0975877273418,10.3679055896672,14.9692747365534,20.8605296173033,0.097587727341816,1
"S3_DYNAMIC_LEARNED_GAMMA_T100",20,1,15,9.75477253703344,7.22294893884737,9.6371955014934,12.8237872716794,-5.24522746296656,0
"S3_DYNAMIC_LEARNED_GAMMA_T100",20,2,15,16.3472541409973,10.8945110228806,15.9382614400875,23.5446894328985,1.34725414099726,1
"S3_DYNAMIC_LEARNED_GAMMA_T100",20,3,15,21.087025106944,14.742404453683,20.7553709906624,29.0832062718676,6.08702510694398,1
"S3_DYNAMIC_LEARNED_GAMMA_T100",20,4,15,16.6770495730312,11.8840357365726,16.5098609750764,22.5053607832907,1.67704957303115,1
"S3_DYNAMIC_LEARNED_GAMMA_T100",20,5,15,10.5829592721994,7.663179029244,10.4520946958896,14.1518599735599,-4.41704072780063,0
"S3_DYNAMIC_LEARNED_GAMMA_T100",20,6,15,11.6844951514166,7.87914352450664,11.4532575130311,16.5299457576986,-3.31550484858336,1
"S3_DYNAMIC_LEARNED_GAMMA_T100",20,7,15,15.7008583387788,11.0844410817325,15.5119387512067,21.3129086593889,0.700858338778787,1
"S3_DYNAMIC_LEARNED_GAMMA_T100",20,8,15,14.4476368244881,10.1932414736472,14.275763663502,19.7444942417327,-0.552363175511918,1
"S3_DYNAMIC_LEARNED_GAMMA_T100",20,9,15,16.2602985440888,11.7223219744814,16.0647581664498,21.8457546440803,1.26029854408878,1
